========== V1 详细装箱坐标 ==========

第1辆车，装载164件，容积利用率 65.62%，重量利用率 33.02%
货物ID, x(cm), y(cm), z(cm), l(cm), w(cm), h(cm)
G5, 0.0, 0.0, 0.0, 40.0, 40.0, 60.0
G5, 40.0, 0.0, 0.0, 40.0, 40.0, 60.0
G2, 80.0, 0.0, 0.0, 50.0, 35.0, 25.0
G2, 130.0, 0.0, 0.0, 50.0, 35.0, 25.0
G1, 180.0, 0.0, 0.0, 60.0, 40.0, 30.0
G4, 240.0, 0.0, 0.0, 80.0, 60.0, 50.0
G4, 320.0, 0.0, 0.0, 80.0, 60.0, 50.0
G2, 80.0, 35.0, 0.0, 50.0, 35.0, 25.0
G5, 130.0, 35.0, 0.0, 40.0, 40.0, 60.0
G4, 0.0, 40.0, 0.0, 80.0, 60.0, 50.0
G1, 180.0, 40.0, 0.0, 60.0, 40.0, 30.0
G4, 240.0, 60.0, 0.0, 80.0, 60.0, 50.0
G1, 320.0, 60.0, 0.0, 60.0, 40.0, 30.0
G2, 80.0, 70.0, 0.0, 50.0, 35.0, 25.0
G1, 180.0, 80.0, 0.0, 60.0, 40.0, 30.0
G2, 130.0, 75.0, 0.0, 50.0, 35.0, 25.0
G2, 0.0, 100.0, 0.0, 50.0, 35.0, 25.0
G4, 320.0, 100.0, 0.0, 80.0, 60.0, 50.0
G1, 180.0, 120.0, 0.0, 60.0, 40.0, 30.0
G2, 80.0, 105.0, 0.0, 50.0, 35.0, 25.0
G5, 380.0, 60.0, 0.0, 40.0, 40.0, 60.0
G2, 130.0, 110.0, 0.0, 50.0, 35.0, 25.0
G4, 240.0, 120.0, 0.0, 80.0, 60.0, 50.0
G3, 0.0, 135.0, 0.0, 70.0, 50.0, 40.0
G5, 80.0, 140.0, 0.0, 40.0, 40.0, 60.0
G1, 180.0, 160.0, 0.0, 60.0, 40.0, 30.0
G5, 130.0, 145.0, 0.0, 40.0, 40.0, 60.0
G3, 320.0, 160.0, 0.0, 70.0, 50.0, 40.0
G2, 80.0, 0.0, 25.0, 50.0, 35.0, 25.0
G1, 180.0, 0.0, 30.0, 60.0, 40.0, 30.0
G2, 130.0, 0.0, 25.0, 50.0, 35.0, 25.0
G2, 80.0, 35.0, 25.0, 50.0, 35.0, 25.0
G2, 80.0, 70.0, 25.0, 50.0, 35.0, 25.0
G5, 180.0, 40.0, 30.0, 40.0, 40.0, 60.0
G1, 320.0, 60.0, 30.0, 60.0, 40.0, 30.0
G2, 130.0, 75.0, 25.0, 50.0, 35.0, 25.0
G4, 240.0, 0.0, 50.0, 80.0, 60.0, 50.0
G4, 320.0, 0.0, 50.0, 80.0, 60.0, 50.0
G5, 180.0, 80.0, 30.0, 40.0, 40.0, 60.0
G4, 0.0, 40.0, 50.0, 80.0, 60.0, 50.0
G5, 180.0, 120.0, 30.0, 40.0, 40.0, 60.0
G4, 240.0, 60.0, 50.0, 80.0, 60.0, 50.0
G2, 0.0, 100.0, 25.0, 50.0, 35.0, 25.0
G2, 80.0, 105.0, 25.0, 50.0, 35.0, 25.0
G1, 180.0, 160.0, 30.0, 60.0, 40.0, 30.0
G1, 0.0, 135.0, 40.0, 60.0, 40.0, 30.0
G1, 320.0, 160.0, 40.0, 60.0, 40.0, 30.0
G2, 130.0, 110.0, 25.0, 50.0, 35.0, 25.0
G2, 80.0, 0.0, 50.0, 50.0, 35.0, 25.0
G2, 130.0, 0.0, 50.0, 50.0, 35.0, 25.0
G2, 80.0, 35.0, 50.0, 50.0, 35.0, 25.0
G5, 320.0, 100.0, 50.0, 40.0, 40.0, 60.0
G5, 360.0, 100.0, 50.0, 40.0, 40.0, 60.0
G1, 240.0, 120.0, 50.0, 60.0, 40.0, 30.0
G2, 80.0, 70.0, 50.0, 50.0, 35.0, 25.0
G1, 180.0, 0.0, 60.0, 60.0, 40.0, 30.0
G2, 130.0, 75.0, 50.0, 50.0, 35.0, 25.0
G5, 0.0, 0.0, 60.0, 40.0, 40.0, 60.0
G4, 240.0, 0.0, 100.0, 80.0, 60.0, 50.0
G5, 40.0, 0.0, 60.0, 40.0, 40.0, 60.0
G1, 320.0, 60.0, 60.0, 60.0, 40.0, 30.0
G2, 0.0, 100.0, 50.0, 50.0, 35.0, 25.0
G2, 80.0, 105.0, 50.0, 50.0, 35.0, 25.0
G1, 180.0, 160.0, 60.0, 60.0, 40.0, 30.0
G2, 130.0, 110.0, 50.0, 50.0, 35.0, 25.0
G5, 130.0, 35.0, 60.0, 40.0, 40.0, 60.0
G1, 0.0, 135.0, 70.0, 60.0, 40.0, 30.0
G1, 320.0, 160.0, 70.0, 60.0, 40.0, 30.0
G4, 320.0, 0.0, 100.0, 80.0, 60.0, 50.0
G1, 240.0, 120.0, 80.0, 60.0, 40.0, 30.0
G2, 80.0, 0.0, 75.0, 50.0, 35.0, 25.0
G2, 130.0, 0.0, 75.0, 50.0, 35.0, 25.0
G5, 380.0, 60.0, 60.0, 40.0, 40.0, 60.0
G2, 80.0, 70.0, 75.0, 50.0, 35.0, 25.0
G2, 130.0, 75.0, 75.0, 50.0, 35.0, 25.0
G4, 0.0, 40.0, 100.0, 80.0, 60.0, 50.0
G2, 0.0, 100.0, 75.0, 50.0, 35.0, 25.0
G1, 180.0, 0.0, 90.0, 60.0, 40.0, 30.0
G1, 320.0, 60.0, 90.0, 60.0, 40.0, 30.0
G2, 80.0, 105.0, 75.0, 50.0, 35.0, 25.0
G2, 130.0, 110.0, 75.0, 50.0, 35.0, 25.0
G2, 180.0, 160.0, 90.0, 50.0, 35.0, 25.0
G2, 240.0, 60.0, 100.0, 50.0, 35.0, 25.0
G1, 0.0, 135.0, 100.0, 60.0, 40.0, 30.0
G5, 80.0, 140.0, 60.0, 40.0, 40.0, 60.0
G1, 320.0, 160.0, 100.0, 60.0, 40.0, 30.0
G5, 130.0, 145.0, 60.0, 40.0, 40.0, 60.0
G4, 240.0, 0.0, 150.0, 80.0, 60.0, 50.0
G2, 80.0, 70.0, 100.0, 50.0, 35.0, 25.0
G5, 180.0, 40.0, 90.0, 40.0, 40.0, 60.0
G2, 0.0, 100.0, 100.0, 50.0, 35.0, 25.0
G2, 80.0, 105.0, 100.0, 50.0, 35.0, 25.0
G2, 130.0, 110.0, 100.0, 50.0, 35.0, 25.0
G1, 240.0, 120.0, 110.0, 60.0, 40.0, 30.0
G1, 180.0, 0.0, 120.0, 60.0, 40.0, 30.0
G2, 180.0, 160.0, 115.0, 50.0, 35.0, 25.0
G5, 180.0, 80.0, 90.0, 40.0, 40.0, 60.0
G4, 0.0, 40.0, 150.0, 80.0, 60.0, 50.0
G2, 240.0, 60.0, 125.0, 50.0, 35.0, 25.0
G5, 320.0, 100.0, 110.0, 40.0, 40.0, 60.0
G5, 360.0, 100.0, 110.0, 40.0, 40.0, 60.0
G2, 0.0, 100.0, 125.0, 50.0, 35.0, 25.0
G1, 0.0, 135.0, 130.0, 60.0, 40.0, 30.0
G1, 320.0, 160.0, 130.0, 60.0, 40.0, 30.0
G2, 80.0, 105.0, 125.0, 50.0, 35.0, 25.0
G2, 240.0, 120.0, 140.0, 50.0, 35.0, 25.0
G2, 180.0, 160.0, 140.0, 50.0, 35.0, 25.0
G1, 180.0, 0.0, 150.0, 60.0, 40.0, 30.0
G5, 80.0, 140.0, 120.0, 40.0, 40.0, 60.0
G2, 320.0, 0.0, 150.0, 50.0, 35.0, 25.0
G2, 240.0, 60.0, 150.0, 50.0, 35.0, 25.0
G2, 0.0, 100.0, 150.0, 50.0, 35.0, 25.0
G2, 0.0, 135.0, 160.0, 50.0, 35.0, 25.0
G2, 320.0, 160.0, 160.0, 50.0, 35.0, 25.0
G1, 180.0, 0.0, 180.0, 60.0, 40.0, 30.0
G2, 240.0, 120.0, 165.0, 50.0, 35.0, 25.0
G2, 180.0, 160.0, 165.0, 50.0, 35.0, 25.0
G2, 320.0, 0.0, 175.0, 50.0, 35.0, 25.0
G1, 240.0, 180.0, 0.0, 60.0, 30.0, 40.0
G2, 240.0, 60.0, 175.0, 50.0, 35.0, 25.0
G1, 240.0, 180.0, 40.0, 60.0, 30.0, 40.0
G1, 240.0, 180.0, 80.0, 60.0, 30.0, 40.0
G1, 240.0, 180.0, 120.0, 60.0, 30.0, 40.0
G1, 240.0, 180.0, 160.0, 60.0, 30.0, 40.0
G2, 0.0, 100.0, 175.0, 50.0, 35.0, 25.0
G1, 80.0, 180.0, 0.0, 40.0, 30.0, 60.0
G2, 0.0, 135.0, 185.0, 50.0, 35.0, 25.0
G2, 320.0, 160.0, 185.0, 50.0, 35.0, 25.0
G1, 80.0, 180.0, 60.0, 40.0, 30.0, 60.0
G2, 240.0, 120.0, 190.0, 50.0, 35.0, 25.0
G2, 180.0, 160.0, 190.0, 50.0, 35.0, 25.0
G1, 80.0, 35.0, 75.0, 40.0, 30.0, 60.0
G2, 0.0, 185.0, 0.0, 50.0, 25.0, 35.0
G2, 130.0, 185.0, 0.0, 50.0, 25.0, 35.0
G1, 80.0, 0.0, 100.0, 40.0, 30.0, 60.0
G1, 0.0, 0.0, 120.0, 40.0, 30.0, 60.0
G2, 0.0, 185.0, 35.0, 50.0, 25.0, 35.0
G1, 380.0, 60.0, 120.0, 40.0, 30.0, 60.0
G2, 130.0, 185.0, 35.0, 50.0, 25.0, 35.0
G1, 80.0, 180.0, 120.0, 40.0, 30.0, 60.0
G2, 0.0, 185.0, 70.0, 50.0, 25.0, 35.0
G2, 130.0, 185.0, 70.0, 50.0, 25.0, 35.0
G2, 130.0, 0.0, 100.0, 50.0, 25.0, 35.0
G2, 240.0, 95.0, 100.0, 50.0, 25.0, 35.0
G2, 0.0, 185.0, 105.0, 50.0, 25.0, 35.0
G2, 130.0, 185.0, 105.0, 50.0, 25.0, 35.0
G2, 130.0, 110.0, 125.0, 50.0, 25.0, 35.0
G1, 180.0, 40.0, 150.0, 40.0, 30.0, 60.0
G1, 390.0, 160.0, 0.0, 30.0, 40.0, 60.0
G2, 130.0, 0.0, 135.0, 50.0, 25.0, 35.0
G2, 240.0, 95.0, 135.0, 50.0, 25.0, 35.0
G2, 0.0, 185.0, 140.0, 50.0, 25.0, 35.0
G2, 130.0, 185.0, 140.0, 50.0, 25.0, 35.0
G1, 390.0, 160.0, 60.0, 30.0, 40.0, 60.0
G1, 390.0, 160.0, 120.0, 30.0, 40.0, 60.0
G2, 240.0, 95.0, 170.0, 50.0, 25.0, 35.0
G1, 370.0, 0.0, 150.0, 30.0, 40.0, 60.0
G2, 0.0, 185.0, 175.0, 50.0, 25.0, 35.0
G2, 130.0, 185.0, 175.0, 50.0, 25.0, 35.0
G2, 40.0, 0.0, 120.0, 35.0, 25.0, 50.0
G2, 80.0, 70.0, 125.0, 35.0, 25.0, 50.0
G2, 80.0, 0.0, 160.0, 35.0, 25.0, 50.0
G2, 290.0, 60.0, 100.0, 25.0, 50.0, 35.0
G2, 290.0, 60.0, 135.0, 25.0, 50.0, 35.0

第2辆车，装载175件，容积利用率 68.73%，重量利用率 35.27%
货物ID, x(cm), y(cm), z(cm), l(cm), w(cm), h(cm)
G5, 0.0, 0.0, 0.0, 40.0, 40.0, 60.0
G2, 40.0, 0.0, 0.0, 50.0, 35.0, 25.0
G2, 90.0, 0.0, 0.0, 50.0, 35.0, 25.0
G3, 140.0, 0.0, 0.0, 70.0, 50.0, 40.0
G4, 210.0, 0.0, 0.0, 80.0, 60.0, 50.0
G5, 290.0, 0.0, 0.0, 40.0, 40.0, 60.0
G1, 330.0, 0.0, 0.0, 60.0, 40.0, 30.0
G4, 40.0, 35.0, 0.0, 80.0, 60.0, 50.0
G4, 290.0, 40.0, 0.0, 80.0, 60.0, 50.0
G5, 0.0, 40.0, 0.0, 40.0, 40.0, 60.0
G5, 370.0, 40.0, 0.0, 40.0, 40.0, 60.0
G1, 140.0, 50.0, 0.0, 60.0, 40.0, 30.0
G5, 210.0, 60.0, 0.0, 40.0, 40.0, 60.0
G3, 140.0, 90.0, 0.0, 70.0, 50.0, 40.0
G2, 370.0, 80.0, 0.0, 50.0, 35.0, 25.0
G5, 250.0, 60.0, 0.0, 40.0, 40.0, 60.0
G2, 40.0, 95.0, 0.0, 50.0, 35.0, 25.0
G1, 210.0, 100.0, 0.0, 60.0, 40.0, 30.0
G2, 90.0, 95.0, 0.0, 50.0, 35.0, 25.0
G2, 270.0, 100.0, 0.0, 50.0, 35.0, 25.0
G2, 320.0, 100.0, 0.0, 50.0, 35.0, 25.0
G2, 370.0, 115.0, 0.0, 50.0, 35.0, 25.0
G3, 40.0, 130.0, 0.0, 70.0, 50.0, 40.0
G2, 270.0, 135.0, 0.0, 50.0, 35.0, 25.0
G2, 320.0, 135.0, 0.0, 50.0, 35.0, 25.0
G2, 140.0, 140.0, 0.0, 50.0, 35.0, 25.0
G1, 190.0, 140.0, 0.0, 60.0, 40.0, 30.0
G2, 370.0, 150.0, 0.0, 50.0, 35.0, 25.0
G5, 0.0, 80.0, 0.0, 40.0, 40.0, 60.0
G5, 0.0, 120.0, 0.0, 40.0, 40.0, 60.0
G1, 270.0, 170.0, 0.0, 60.0, 40.0, 30.0
G2, 140.0, 175.0, 0.0, 50.0, 35.0, 25.0
G4, 210.0, 0.0, 50.0, 80.0, 60.0, 50.0
G3, 0.0, 160.0, 0.0, 40.0, 50.0, 70.0
G5, 330.0, 170.0, 0.0, 40.0, 40.0, 60.0
G2, 40.0, 0.0, 25.0, 50.0, 35.0, 25.0
G1, 330.0, 0.0, 30.0, 60.0, 40.0, 30.0
G1, 140.0, 50.0, 30.0, 60.0, 40.0, 30.0
G1, 210.0, 100.0, 30.0, 60.0, 40.0, 30.0
G2, 90.0, 0.0, 25.0, 50.0, 35.0, 25.0
G5, 190.0, 140.0, 30.0, 40.0, 40.0, 60.0
G2, 370.0, 80.0, 25.0, 50.0, 35.0, 25.0
G2, 40.0, 95.0, 25.0, 50.0, 35.0, 25.0
G2, 90.0, 95.0, 25.0, 50.0, 35.0, 25.0
G2, 270.0, 100.0, 25.0, 50.0, 35.0, 25.0
G1, 270.0, 170.0, 30.0, 60.0, 40.0, 30.0
G2, 320.0, 100.0, 25.0, 50.0, 35.0, 25.0
G4, 40.0, 35.0, 50.0, 80.0, 60.0, 50.0
G4, 290.0, 40.0, 50.0, 80.0, 60.0, 50.0
G1, 140.0, 0.0, 40.0, 60.0, 40.0, 30.0
G5, 140.0, 90.0, 40.0, 40.0, 40.0, 60.0
G2, 370.0, 115.0, 25.0, 50.0, 35.0, 25.0
G5, 40.0, 130.0, 40.0, 40.0, 40.0, 60.0
G1, 330.0, 0.0, 60.0, 60.0, 40.0, 30.0
G1, 140.0, 50.0, 60.0, 60.0, 40.0, 30.0
G4, 210.0, 0.0, 100.0, 80.0, 60.0, 50.0
G1, 210.0, 100.0, 60.0, 60.0, 40.0, 30.0
G4, 40.0, 35.0, 100.0, 80.0, 60.0, 50.0
G1, 270.0, 170.0, 60.0, 60.0, 40.0, 30.0
G1, 140.0, 0.0, 70.0, 60.0, 40.0, 30.0
G2, 270.0, 135.0, 25.0, 50.0, 35.0, 25.0
G5, 0.0, 0.0, 60.0, 40.0, 40.0, 60.0
G2, 320.0, 135.0, 25.0, 50.0, 35.0, 25.0
G2, 140.0, 140.0, 25.0, 50.0, 35.0, 25.0
G4, 290.0, 40.0, 100.0, 80.0, 60.0, 50.0
G4, 210.0, 0.0, 150.0, 80.0, 60.0, 50.0
G2, 370.0, 150.0, 25.0, 50.0, 35.0, 25.0
G1, 330.0, 0.0, 90.0, 60.0, 40.0, 30.0
G2, 140.0, 175.0, 25.0, 50.0, 35.0, 25.0
G5, 290.0, 0.0, 60.0, 40.0, 40.0, 60.0
G5, 0.0, 40.0, 60.0, 40.0, 40.0, 60.0
G2, 40.0, 0.0, 50.0, 50.0, 35.0, 25.0
G4, 40.0, 35.0, 150.0, 80.0, 60.0, 50.0
G1, 140.0, 50.0, 90.0, 60.0, 40.0, 30.0
G5, 370.0, 40.0, 60.0, 40.0, 40.0, 60.0
G1, 210.0, 100.0, 90.0, 60.0, 40.0, 30.0
G1, 270.0, 170.0, 90.0, 60.0, 40.0, 30.0
G2, 90.0, 0.0, 50.0, 50.0, 35.0, 25.0
G2, 370.0, 80.0, 50.0, 50.0, 35.0, 25.0
G2, 40.0, 95.0, 50.0, 50.0, 35.0, 25.0
G5, 210.0, 60.0, 60.0, 40.0, 40.0, 60.0
G2, 90.0, 95.0, 50.0, 50.0, 35.0, 25.0
G4, 290.0, 40.0, 150.0, 80.0, 60.0, 50.0
G5, 250.0, 60.0, 60.0, 40.0, 40.0, 60.0
G2, 270.0, 100.0, 50.0, 50.0, 35.0, 25.0
G2, 320.0, 100.0, 50.0, 50.0, 35.0, 25.0
G2, 370.0, 115.0, 50.0, 50.0, 35.0, 25.0
G1, 140.0, 0.0, 100.0, 60.0, 40.0, 30.0
G2, 270.0, 135.0, 50.0, 50.0, 35.0, 25.0
G1, 330.0, 0.0, 120.0, 60.0, 40.0, 30.0
G1, 140.0, 50.0, 120.0, 60.0, 40.0, 30.0
G1, 210.0, 100.0, 120.0, 60.0, 40.0, 30.0
G2, 320.0, 135.0, 50.0, 50.0, 35.0, 25.0
G1, 270.0, 170.0, 120.0, 60.0, 40.0, 30.0
G1, 140.0, 0.0, 130.0, 60.0, 40.0, 30.0
G1, 140.0, 50.0, 150.0, 60.0, 40.0, 30.0
G2, 140.0, 140.0, 50.0, 50.0, 35.0, 25.0
G2, 370.0, 150.0, 50.0, 50.0, 35.0, 25.0
G2, 140.0, 175.0, 50.0, 50.0, 35.0, 25.0
G5, 0.0, 80.0, 60.0, 40.0, 40.0, 60.0
G5, 0.0, 120.0, 60.0, 40.0, 40.0, 60.0
G1, 210.0, 100.0, 150.0, 60.0, 40.0, 30.0
G5, 330.0, 170.0, 60.0, 40.0, 40.0, 60.0
G5, 0.0, 160.0, 70.0, 40.0, 40.0, 60.0
G1, 270.0, 170.0, 150.0, 60.0, 40.0, 30.0
G5, 190.0, 140.0, 90.0, 40.0, 40.0, 60.0
G5, 140.0, 90.0, 100.0, 40.0, 40.0, 60.0
G1, 140.0, 0.0, 160.0, 60.0, 40.0, 30.0
G5, 40.0, 130.0, 100.0, 40.0, 40.0, 60.0
G1, 140.0, 50.0, 180.0, 60.0, 40.0, 30.0
G1, 270.0, 170.0, 180.0, 60.0, 40.0, 30.0
G2, 40.0, 0.0, 75.0, 50.0, 35.0, 25.0
G1, 40.0, 180.0, 0.0, 60.0, 30.0, 40.0
G2, 90.0, 0.0, 75.0, 50.0, 35.0, 25.0
G5, 190.0, 140.0, 150.0, 40.0, 40.0, 60.0
G1, 190.0, 180.0, 0.0, 60.0, 30.0, 40.0
G1, 40.0, 180.0, 40.0, 60.0, 30.0, 40.0
G1, 190.0, 180.0, 40.0, 60.0, 30.0, 40.0
G2, 370.0, 80.0, 75.0, 50.0, 35.0, 25.0
G2, 40.0, 95.0, 75.0, 50.0, 35.0, 25.0
G1, 40.0, 180.0, 80.0, 60.0, 30.0, 40.0
G2, 270.0, 100.0, 75.0, 50.0, 35.0, 25.0
G2, 320.0, 100.0, 75.0, 50.0, 35.0, 25.0
G1, 190.0, 180.0, 80.0, 60.0, 30.0, 40.0
G2, 370.0, 115.0, 75.0, 50.0, 35.0, 25.0
G2, 270.0, 135.0, 75.0, 50.0, 35.0, 25.0
G1, 40.0, 180.0, 120.0, 60.0, 30.0, 40.0
G2, 320.0, 135.0, 75.0, 50.0, 35.0, 25.0
G2, 140.0, 140.0, 75.0, 50.0, 35.0, 25.0
G2, 370.0, 150.0, 75.0, 50.0, 35.0, 25.0
G1, 330.0, 0.0, 150.0, 60.0, 30.0, 40.0
G1, 40.0, 180.0, 160.0, 60.0, 30.0, 40.0
G1, 100.0, 180.0, 0.0, 40.0, 30.0, 60.0
G2, 140.0, 175.0, 75.0, 50.0, 35.0, 25.0
G2, 40.0, 0.0, 100.0, 50.0, 35.0, 25.0
G1, 100.0, 180.0, 60.0, 40.0, 30.0, 60.0
G2, 90.0, 0.0, 100.0, 50.0, 35.0, 25.0
G2, 370.0, 80.0, 100.0, 50.0, 35.0, 25.0
G2, 40.0, 95.0, 100.0, 50.0, 35.0, 25.0
G1, 90.0, 95.0, 75.0, 40.0, 30.0, 60.0
G1, 370.0, 115.0, 100.0, 40.0, 30.0, 60.0
G2, 370.0, 150.0, 100.0, 50.0, 35.0, 25.0
G1, 140.0, 140.0, 100.0, 40.0, 30.0, 60.0
G2, 40.0, 95.0, 125.0, 50.0, 35.0, 25.0
G2, 370.0, 150.0, 125.0, 50.0, 35.0, 25.0
G2, 370.0, 150.0, 150.0, 50.0, 35.0, 25.0
G1, 140.0, 175.0, 100.0, 40.0, 30.0, 60.0
G2, 140.0, 0.0, 190.0, 50.0, 35.0, 25.0
G2, 370.0, 185.0, 0.0, 50.0, 25.0, 35.0
G2, 370.0, 185.0, 35.0, 50.0, 25.0, 35.0
G2, 370.0, 185.0, 70.0, 50.0, 25.0, 35.0
G2, 40.0, 0.0, 125.0, 50.0, 25.0, 35.0
G1, 290.0, 0.0, 120.0, 40.0, 30.0, 60.0
G1, 100.0, 180.0, 120.0, 40.0, 30.0, 60.0
G1, 390.0, 0.0, 0.0, 30.0, 40.0, 60.0
G2, 90.0, 0.0, 125.0, 50.0, 25.0, 35.0
G2, 40.0, 95.0, 150.0, 50.0, 25.0, 35.0
G1, 110.0, 130.0, 0.0, 30.0, 40.0, 60.0
G2, 40.0, 0.0, 160.0, 50.0, 25.0, 35.0
G1, 180.0, 90.0, 40.0, 30.0, 40.0, 60.0
G1, 80.0, 130.0, 40.0, 30.0, 40.0, 60.0
G2, 320.0, 100.0, 100.0, 35.0, 25.0, 50.0
G1, 390.0, 0.0, 60.0, 30.0, 40.0, 60.0
G2, 270.0, 135.0, 100.0, 35.0, 25.0, 50.0
G2, 0.0, 0.0, 120.0, 35.0, 25.0, 50.0
G2, 0.0, 40.0, 120.0, 35.0, 25.0, 50.0
G2, 210.0, 60.0, 120.0, 35.0, 25.0, 50.0
G2, 0.0, 80.0, 120.0, 35.0, 25.0, 50.0
G1, 110.0, 130.0, 60.0, 30.0, 40.0, 60.0
G1, 80.0, 130.0, 100.0, 30.0, 40.0, 60.0
G2, 0.0, 120.0, 120.0, 35.0, 25.0, 50.0
G2, 0.0, 160.0, 130.0, 35.0, 25.0, 50.0
G1, 390.0, 0.0, 120.0, 30.0, 40.0, 60.0
G2, 140.0, 140.0, 160.0, 35.0, 25.0, 50.0
G2, 110.0, 130.0, 120.0, 25.0, 35.0, 50.0

第3辆车，装载175件，容积利用率 69.45%，重量利用率 34.82%
货物ID, x(cm), y(cm), z(cm), l(cm), w(cm), h(cm)
G2, 0.0, 0.0, 0.0, 50.0, 35.0, 25.0
G5, 50.0, 0.0, 0.0, 40.0, 40.0, 60.0
G2, 90.0, 0.0, 0.0, 50.0, 35.0, 25.0
G2, 140.0, 0.0, 0.0, 50.0, 35.0, 25.0
G5, 190.0, 0.0, 0.0, 40.0, 40.0, 60.0
G2, 230.0, 0.0, 0.0, 50.0, 35.0, 25.0
G2, 280.0, 0.0, 0.0, 50.0, 35.0, 25.0
G2, 330.0, 0.0, 0.0, 50.0, 35.0, 25.0
G4, 90.0, 35.0, 0.0, 80.0, 60.0, 50.0
G4, 230.0, 35.0, 0.0, 80.0, 60.0, 50.0
G4, 310.0, 35.0, 0.0, 80.0, 60.0, 50.0
G2, 0.0, 35.0, 0.0, 50.0, 35.0, 25.0
G3, 0.0, 70.0, 0.0, 70.0, 50.0, 40.0
G1, 90.0, 95.0, 0.0, 60.0, 40.0, 30.0
G1, 150.0, 95.0, 0.0, 60.0, 40.0, 30.0
G2, 210.0, 95.0, 0.0, 50.0, 35.0, 25.0
G1, 260.0, 95.0, 0.0, 60.0, 40.0, 30.0
G2, 320.0, 95.0, 0.0, 50.0, 35.0, 25.0
G2, 370.0, 95.0, 0.0, 50.0, 35.0, 25.0
G4, 0.0, 120.0, 0.0, 80.0, 60.0, 50.0
G1, 320.0, 130.0, 0.0, 60.0, 40.0, 30.0
G2, 210.0, 130.0, 0.0, 50.0, 35.0, 25.0
G1, 90.0, 135.0, 0.0, 60.0, 40.0, 30.0
G1, 150.0, 135.0, 0.0, 60.0, 40.0, 30.0
G1, 260.0, 135.0, 0.0, 60.0, 40.0, 30.0
G2, 210.0, 165.0, 0.0, 50.0, 35.0, 25.0
G2, 320.0, 170.0, 0.0, 50.0, 35.0, 25.0
G2, 370.0, 170.0, 0.0, 50.0, 35.0, 25.0
G4, 90.0, 35.0, 50.0, 80.0, 60.0, 50.0
G4, 230.0, 35.0, 50.0, 80.0, 60.0, 50.0
G1, 90.0, 95.0, 30.0, 60.0, 40.0, 30.0
G2, 90.0, 175.0, 0.0, 50.0, 35.0, 25.0
G5, 190.0, 40.0, 0.0, 40.0, 40.0, 60.0
G2, 140.0, 175.0, 0.0, 50.0, 35.0, 25.0
G2, 260.0, 175.0, 0.0, 50.0, 35.0, 25.0
G2, 0.0, 0.0, 25.0, 50.0, 35.0, 25.0
G1, 150.0, 95.0, 30.0, 60.0, 40.0, 30.0
G2, 90.0, 0.0, 25.0, 50.0, 35.0, 25.0
G2, 140.0, 0.0, 25.0, 50.0, 35.0, 25.0
G1, 260.0, 95.0, 30.0, 60.0, 40.0, 30.0
G4, 310.0, 35.0, 50.0, 80.0, 60.0, 50.0
G5, 380.0, 130.0, 0.0, 40.0, 40.0, 60.0
G1, 320.0, 130.0, 30.0, 60.0, 40.0, 30.0
G4, 0.0, 120.0, 50.0, 80.0, 60.0, 50.0
G4, 90.0, 35.0, 100.0, 80.0, 60.0, 50.0
G1, 90.0, 135.0, 30.0, 60.0, 40.0, 30.0
G2, 230.0, 0.0, 25.0, 50.0, 35.0, 25.0
G4, 230.0, 35.0, 100.0, 80.0, 60.0, 50.0
G2, 280.0, 0.0, 25.0, 50.0, 35.0, 25.0
G1, 150.0, 135.0, 30.0, 60.0, 40.0, 30.0
G4, 310.0, 35.0, 100.0, 80.0, 60.0, 50.0
G4, 0.0, 120.0, 100.0, 80.0, 60.0, 50.0
G2, 330.0, 0.0, 25.0, 50.0, 35.0, 25.0
G2, 0.0, 35.0, 25.0, 50.0, 35.0, 25.0
G2, 210.0, 95.0, 25.0, 50.0, 35.0, 25.0
G5, 260.0, 135.0, 30.0, 40.0, 40.0, 60.0
G1, 0.0, 70.0, 40.0, 60.0, 40.0, 30.0
G4, 90.0, 35.0, 150.0, 80.0, 60.0, 50.0
G2, 320.0, 95.0, 25.0, 50.0, 35.0, 25.0
G2, 370.0, 95.0, 25.0, 50.0, 35.0, 25.0
G2, 210.0, 130.0, 25.0, 50.0, 35.0, 25.0
G2, 210.0, 165.0, 25.0, 50.0, 35.0, 25.0
G2, 320.0, 170.0, 25.0, 50.0, 35.0, 25.0
G2, 370.0, 170.0, 25.0, 50.0, 35.0, 25.0
G4, 230.0, 35.0, 150.0, 80.0, 60.0, 50.0
G5, 50.0, 0.0, 60.0, 40.0, 40.0, 60.0
G1, 90.0, 95.0, 60.0, 60.0, 40.0, 30.0
G5, 190.0, 0.0, 60.0, 40.0, 40.0, 60.0
G5, 190.0, 40.0, 60.0, 40.0, 40.0, 60.0
G1, 150.0, 95.0, 60.0, 60.0, 40.0, 30.0
G4, 310.0, 35.0, 150.0, 80.0, 60.0, 50.0
G1, 260.0, 95.0, 60.0, 60.0, 40.0, 30.0
G1, 320.0, 130.0, 60.0, 60.0, 40.0, 30.0
G2, 90.0, 175.0, 25.0, 50.0, 35.0, 25.0
G4, 0.0, 120.0, 150.0, 80.0, 60.0, 50.0
G1, 90.0, 135.0, 60.0, 60.0, 40.0, 30.0
G5, 380.0, 130.0, 60.0, 40.0, 40.0, 60.0
G5, 150.0, 135.0, 60.0, 40.0, 40.0, 60.0
G2, 140.0, 175.0, 25.0, 50.0, 35.0, 25.0
G2, 260.0, 175.0, 25.0, 50.0, 35.0, 25.0
G1, 0.0, 70.0, 70.0, 60.0, 40.0, 30.0
G2, 0.0, 0.0, 50.0, 50.0, 35.0, 25.0
G2, 90.0, 0.0, 50.0, 50.0, 35.0, 25.0
G1, 90.0, 95.0, 90.0, 60.0, 40.0, 30.0
G5, 260.0, 95.0, 90.0, 40.0, 40.0, 60.0
G2, 140.0, 0.0, 50.0, 50.0, 35.0, 25.0
G1, 320.0, 130.0, 90.0, 60.0, 40.0, 30.0
G1, 0.0, 70.0, 100.0, 60.0, 40.0, 30.0
G5, 90.0, 135.0, 90.0, 40.0, 40.0, 60.0
G5, 260.0, 135.0, 90.0, 40.0, 40.0, 60.0
G5, 50.0, 0.0, 120.0, 40.0, 40.0, 60.0
G2, 230.0, 0.0, 50.0, 50.0, 35.0, 25.0
G2, 280.0, 0.0, 50.0, 50.0, 35.0, 25.0
G2, 330.0, 0.0, 50.0, 50.0, 35.0, 25.0
G1, 320.0, 130.0, 120.0, 60.0, 40.0, 30.0
G1, 0.0, 70.0, 130.0, 60.0, 40.0, 30.0
G5, 90.0, 95.0, 120.0, 40.0, 40.0, 60.0
G1, 320.0, 130.0, 150.0, 60.0, 40.0, 30.0
G2, 0.0, 35.0, 50.0, 50.0, 35.0, 25.0
G2, 210.0, 95.0, 50.0, 50.0, 35.0, 25.0
G2, 320.0, 95.0, 50.0, 50.0, 35.0, 25.0
G5, 380.0, 130.0, 120.0, 40.0, 40.0, 60.0
G1, 0.0, 70.0, 160.0, 60.0, 40.0, 30.0
G2, 210.0, 165.0, 50.0, 50.0, 35.0, 25.0
G5, 90.0, 135.0, 150.0, 40.0, 40.0, 60.0
G2, 320.0, 170.0, 50.0, 50.0, 35.0, 25.0
G2, 90.0, 175.0, 50.0, 50.0, 35.0, 25.0
G2, 140.0, 175.0, 50.0, 50.0, 35.0, 25.0
G2, 260.0, 175.0, 50.0, 50.0, 35.0, 25.0
G1, 0.0, 180.0, 0.0, 60.0, 30.0, 40.0
G2, 0.0, 0.0, 75.0, 50.0, 35.0, 25.0
G1, 0.0, 180.0, 40.0, 60.0, 30.0, 40.0
G2, 140.0, 0.0, 75.0, 50.0, 35.0, 25.0
G1, 0.0, 180.0, 80.0, 60.0, 30.0, 40.0
G1, 150.0, 95.0, 90.0, 60.0, 30.0, 40.0
G2, 230.0, 0.0, 75.0, 50.0, 35.0, 25.0
G1, 0.0, 180.0, 120.0, 60.0, 30.0, 40.0
G1, 150.0, 95.0, 130.0, 60.0, 30.0, 40.0
G1, 0.0, 180.0, 160.0, 60.0, 30.0, 40.0
G1, 380.0, 0.0, 0.0, 40.0, 30.0, 60.0
G1, 50.0, 40.0, 0.0, 40.0, 30.0, 60.0
G2, 280.0, 0.0, 75.0, 50.0, 35.0, 25.0
G2, 330.0, 0.0, 75.0, 50.0, 35.0, 25.0
G1, 370.0, 95.0, 50.0, 40.0, 30.0, 60.0
G1, 210.0, 130.0, 50.0, 40.0, 30.0, 60.0
G2, 0.0, 35.0, 75.0, 50.0, 35.0, 25.0
G2, 320.0, 95.0, 75.0, 50.0, 35.0, 25.0
G1, 380.0, 0.0, 60.0, 40.0, 30.0, 60.0
G2, 210.0, 165.0, 75.0, 50.0, 35.0, 25.0
G2, 320.0, 170.0, 75.0, 50.0, 35.0, 25.0
G2, 90.0, 175.0, 75.0, 50.0, 35.0, 25.0
G1, 50.0, 40.0, 60.0, 40.0, 30.0, 60.0
G2, 140.0, 175.0, 75.0, 50.0, 35.0, 25.0
G1, 210.0, 95.0, 75.0, 40.0, 30.0, 60.0
G2, 260.0, 175.0, 75.0, 50.0, 35.0, 25.0
G1, 0.0, 0.0, 100.0, 40.0, 30.0, 60.0
G1, 140.0, 0.0, 100.0, 40.0, 30.0, 60.0
G2, 230.0, 0.0, 100.0, 50.0, 35.0, 25.0
G1, 330.0, 0.0, 100.0, 40.0, 30.0, 60.0
G1, 0.0, 35.0, 100.0, 40.0, 30.0, 60.0
G2, 320.0, 95.0, 100.0, 50.0, 35.0, 25.0
G2, 210.0, 165.0, 100.0, 50.0, 35.0, 25.0
G2, 320.0, 170.0, 100.0, 50.0, 35.0, 25.0
G1, 90.0, 175.0, 100.0, 40.0, 30.0, 60.0
G2, 140.0, 175.0, 100.0, 50.0, 35.0, 25.0
G1, 260.0, 175.0, 100.0, 40.0, 30.0, 60.0
G1, 370.0, 95.0, 110.0, 40.0, 30.0, 60.0
G2, 320.0, 170.0, 125.0, 50.0, 35.0, 25.0
G2, 140.0, 175.0, 125.0, 50.0, 35.0, 25.0
G1, 210.0, 130.0, 110.0, 40.0, 30.0, 60.0
G1, 380.0, 0.0, 120.0, 40.0, 30.0, 60.0
G1, 320.0, 95.0, 125.0, 40.0, 30.0, 60.0
G1, 210.0, 165.0, 125.0, 40.0, 30.0, 60.0
G1, 210.0, 95.0, 135.0, 40.0, 30.0, 60.0
G1, 260.0, 95.0, 150.0, 40.0, 30.0, 60.0
G1, 320.0, 170.0, 150.0, 40.0, 30.0, 60.0
G1, 140.0, 175.0, 150.0, 40.0, 30.0, 60.0
G1, 390.0, 35.0, 0.0, 30.0, 60.0, 40.0
G1, 390.0, 35.0, 40.0, 30.0, 60.0, 40.0
G1, 390.0, 35.0, 80.0, 30.0, 60.0, 40.0
G2, 0.0, 70.0, 190.0, 50.0, 35.0, 25.0
G1, 190.0, 0.0, 120.0, 30.0, 40.0, 60.0
G2, 90.0, 0.0, 75.0, 50.0, 25.0, 35.0
G2, 280.0, 0.0, 100.0, 50.0, 25.0, 35.0
G2, 90.0, 0.0, 110.0, 50.0, 25.0, 35.0
G2, 230.0, 0.0, 125.0, 50.0, 25.0, 35.0
G2, 280.0, 0.0, 135.0, 50.0, 25.0, 35.0
G2, 90.0, 0.0, 145.0, 50.0, 25.0, 35.0
G2, 230.0, 0.0, 160.0, 50.0, 25.0, 35.0
G2, 90.0, 0.0, 180.0, 50.0, 25.0, 35.0
G2, 190.0, 40.0, 120.0, 35.0, 25.0, 50.0
G2, 0.0, 0.0, 160.0, 35.0, 25.0, 50.0
G2, 330.0, 0.0, 160.0, 35.0, 25.0, 50.0
G2, 0.0, 35.0, 160.0, 35.0, 25.0, 50.0
G2, 90.0, 175.0, 160.0, 35.0, 25.0, 50.0

第4辆车，装载159件，容积利用率 70.35%，重量利用率 33.72%
货物ID, x(cm), y(cm), z(cm), l(cm), w(cm), h(cm)
G2, 0.0, 0.0, 0.0, 50.0, 35.0, 25.0
G1, 50.0, 0.0, 0.0, 60.0, 40.0, 30.0
G1, 110.0, 0.0, 0.0, 60.0, 40.0, 30.0
G5, 170.0, 0.0, 0.0, 40.0, 40.0, 60.0
G1, 210.0, 0.0, 0.0, 60.0, 40.0, 30.0
G1, 270.0, 0.0, 0.0, 60.0, 40.0, 30.0
G4, 330.0, 0.0, 0.0, 80.0, 60.0, 50.0
G5, 0.0, 35.0, 0.0, 40.0, 40.0, 60.0
G2, 50.0, 40.0, 0.0, 50.0, 35.0, 25.0
G2, 100.0, 40.0, 0.0, 50.0, 35.0, 25.0
G4, 150.0, 40.0, 0.0, 80.0, 60.0, 50.0
G3, 230.0, 40.0, 0.0, 70.0, 50.0, 40.0
G5, 330.0, 60.0, 0.0, 40.0, 40.0, 60.0
G3, 0.0, 75.0, 0.0, 70.0, 50.0, 40.0
G3, 70.0, 75.0, 0.0, 70.0, 50.0, 40.0
G2, 370.0, 60.0, 0.0, 50.0, 35.0, 25.0
G1, 230.0, 90.0, 0.0, 60.0, 40.0, 30.0
G1, 150.0, 100.0, 0.0, 60.0, 40.0, 30.0
G2, 370.0, 95.0, 0.0, 50.0, 35.0, 25.0
G4, 0.0, 125.0, 0.0, 80.0, 60.0, 50.0
G4, 230.0, 130.0, 0.0, 80.0, 60.0, 50.0
G3, 80.0, 125.0, 0.0, 70.0, 50.0, 40.0
G2, 310.0, 130.0, 0.0, 50.0, 35.0, 25.0
G4, 150.0, 140.0, 0.0, 80.0, 60.0, 50.0
G1, 360.0, 130.0, 0.0, 60.0, 40.0, 30.0
G5, 290.0, 90.0, 0.0, 40.0, 40.0, 60.0
G2, 310.0, 165.0, 0.0, 50.0, 35.0, 25.0
G3, 360.0, 170.0, 0.0, 50.0, 40.0, 70.0
G5, 50.0, 0.0, 30.0, 40.0, 40.0, 60.0
G2, 80.0, 175.0, 0.0, 50.0, 35.0, 25.0
G2, 0.0, 0.0, 25.0, 50.0, 35.0, 25.0
G1, 110.0, 0.0, 30.0, 60.0, 40.0, 30.0
G4, 330.0, 0.0, 50.0, 80.0, 60.0, 50.0
G1, 210.0, 0.0, 30.0, 60.0, 40.0, 30.0
G2, 50.0, 40.0, 25.0, 50.0, 35.0, 25.0
G2, 100.0, 40.0, 25.0, 50.0, 35.0, 25.0
G1, 270.0, 0.0, 30.0, 60.0, 40.0, 30.0
G4, 150.0, 40.0, 50.0, 80.0, 60.0, 50.0
G4, 0.0, 125.0, 50.0, 80.0, 60.0, 50.0
G1, 230.0, 90.0, 30.0, 60.0, 40.0, 30.0
G1, 150.0, 100.0, 30.0, 60.0, 40.0, 30.0
G4, 230.0, 130.0, 50.0, 80.0, 60.0, 50.0
G5, 360.0, 130.0, 30.0, 40.0, 40.0, 60.0
G4, 150.0, 140.0, 50.0, 80.0, 60.0, 50.0
G1, 230.0, 40.0, 40.0, 60.0, 40.0, 30.0
G4, 330.0, 0.0, 100.0, 80.0, 60.0, 50.0
G1, 0.0, 75.0, 40.0, 60.0, 40.0, 30.0
G5, 70.0, 75.0, 40.0, 40.0, 40.0, 60.0
G5, 80.0, 125.0, 40.0, 40.0, 40.0, 60.0
G2, 370.0, 60.0, 25.0, 50.0, 35.0, 25.0
G1, 110.0, 0.0, 60.0, 60.0, 40.0, 30.0
G2, 370.0, 95.0, 25.0, 50.0, 35.0, 25.0
G1, 210.0, 0.0, 60.0, 60.0, 40.0, 30.0
G5, 170.0, 0.0, 60.0, 40.0, 40.0, 60.0
G2, 310.0, 130.0, 25.0, 50.0, 35.0, 25.0
G1, 270.0, 0.0, 60.0, 60.0, 40.0, 30.0
G2, 310.0, 165.0, 25.0, 50.0, 35.0, 25.0
G2, 80.0, 175.0, 25.0, 50.0, 35.0, 25.0
G1, 230.0, 90.0, 60.0, 60.0, 40.0, 30.0
G5, 0.0, 35.0, 60.0, 40.0, 40.0, 60.0
G2, 0.0, 0.0, 50.0, 50.0, 35.0, 25.0
G5, 330.0, 60.0, 60.0, 40.0, 40.0, 60.0
G2, 50.0, 40.0, 50.0, 50.0, 35.0, 25.0
G2, 100.0, 40.0, 50.0, 50.0, 35.0, 25.0
G4, 150.0, 40.0, 100.0, 80.0, 60.0, 50.0
G4, 0.0, 125.0, 100.0, 80.0, 60.0, 50.0
G4, 230.0, 130.0, 100.0, 80.0, 60.0, 50.0
G2, 370.0, 60.0, 50.0, 50.0, 35.0, 25.0
G4, 150.0, 140.0, 100.0, 80.0, 60.0, 50.0
G1, 150.0, 100.0, 60.0, 60.0, 40.0, 30.0
G2, 370.0, 95.0, 50.0, 50.0, 35.0, 25.0
G4, 330.0, 0.0, 150.0, 80.0, 60.0, 50.0
G1, 230.0, 40.0, 70.0, 60.0, 40.0, 30.0
G1, 0.0, 75.0, 70.0, 60.0, 40.0, 30.0
G2, 310.0, 130.0, 50.0, 50.0, 35.0, 25.0
G2, 310.0, 165.0, 50.0, 50.0, 35.0, 25.0
G5, 290.0, 90.0, 60.0, 40.0, 40.0, 60.0
G5, 360.0, 170.0, 70.0, 40.0, 40.0, 60.0
G5, 50.0, 0.0, 90.0, 40.0, 40.0, 60.0
G2, 80.0, 175.0, 50.0, 50.0, 35.0, 25.0
G1, 110.0, 0.0, 90.0, 60.0, 40.0, 30.0
G2, 0.0, 0.0, 75.0, 50.0, 35.0, 25.0
G1, 210.0, 0.0, 90.0, 60.0, 40.0, 30.0
G2, 50.0, 40.0, 75.0, 50.0, 35.0, 25.0
G2, 100.0, 40.0, 75.0, 50.0, 35.0, 25.0
G2, 370.0, 60.0, 75.0, 50.0, 35.0, 25.0
G2, 370.0, 95.0, 75.0, 50.0, 35.0, 25.0
G1, 270.0, 0.0, 90.0, 60.0, 40.0, 30.0
G2, 310.0, 130.0, 75.0, 50.0, 35.0, 25.0
G2, 310.0, 165.0, 75.0, 50.0, 35.0, 25.0
G1, 230.0, 90.0, 90.0, 60.0, 40.0, 30.0
G2, 80.0, 175.0, 75.0, 50.0, 35.0, 25.0
G5, 150.0, 100.0, 90.0, 40.0, 40.0, 60.0
G2, 0.0, 0.0, 100.0, 50.0, 35.0, 25.0
G2, 50.0, 40.0, 100.0, 50.0, 35.0, 25.0
G2, 100.0, 40.0, 100.0, 50.0, 35.0, 25.0
G1, 230.0, 40.0, 100.0, 60.0, 40.0, 30.0
G2, 370.0, 60.0, 100.0, 50.0, 35.0, 25.0
G4, 150.0, 40.0, 150.0, 80.0, 60.0, 50.0
G5, 360.0, 130.0, 90.0, 40.0, 40.0, 60.0
G1, 0.0, 75.0, 100.0, 60.0, 40.0, 30.0
G2, 370.0, 95.0, 100.0, 50.0, 35.0, 25.0
G2, 310.0, 130.0, 100.0, 50.0, 35.0, 25.0
G1, 110.0, 0.0, 120.0, 60.0, 40.0, 30.0
G1, 210.0, 0.0, 120.0, 60.0, 40.0, 30.0
G5, 80.0, 125.0, 100.0, 40.0, 40.0, 60.0
G4, 0.0, 125.0, 150.0, 80.0, 60.0, 50.0
G4, 230.0, 130.0, 150.0, 80.0, 60.0, 50.0
G5, 0.0, 35.0, 120.0, 40.0, 40.0, 60.0
G2, 310.0, 165.0, 100.0, 50.0, 35.0, 25.0
G2, 80.0, 175.0, 100.0, 50.0, 35.0, 25.0
G1, 270.0, 0.0, 120.0, 60.0, 40.0, 30.0
G1, 230.0, 90.0, 120.0, 60.0, 40.0, 30.0
G2, 0.0, 0.0, 125.0, 50.0, 35.0, 25.0
G4, 150.0, 140.0, 150.0, 80.0, 60.0, 50.0
G1, 0.0, 75.0, 130.0, 60.0, 40.0, 30.0
G1, 0.0, 75.0, 160.0, 60.0, 40.0, 30.0
G2, 50.0, 40.0, 125.0, 50.0, 35.0, 25.0
G2, 370.0, 95.0, 125.0, 50.0, 35.0, 25.0
G5, 50.0, 0.0, 150.0, 40.0, 40.0, 60.0
G2, 80.0, 175.0, 125.0, 50.0, 35.0, 25.0
G1, 110.0, 0.0, 150.0, 60.0, 30.0, 40.0
G2, 0.0, 0.0, 150.0, 50.0, 35.0, 25.0
G2, 210.0, 0.0, 150.0, 50.0, 35.0, 25.0
G2, 270.0, 0.0, 150.0, 50.0, 35.0, 25.0
G2, 230.0, 90.0, 150.0, 50.0, 35.0, 25.0
G1, 330.0, 100.0, 0.0, 40.0, 30.0, 60.0
G2, 370.0, 95.0, 150.0, 50.0, 35.0, 25.0
G2, 80.0, 175.0, 150.0, 50.0, 35.0, 25.0
G1, 330.0, 100.0, 60.0, 40.0, 30.0, 60.0
G2, 210.0, 0.0, 175.0, 50.0, 35.0, 25.0
G2, 270.0, 0.0, 175.0, 50.0, 35.0, 25.0
G1, 170.0, 0.0, 120.0, 40.0, 30.0, 60.0
G5, 150.0, 100.0, 150.0, 40.0, 40.0, 60.0
G2, 230.0, 90.0, 175.0, 50.0, 35.0, 25.0
G1, 290.0, 90.0, 120.0, 40.0, 30.0, 60.0
G2, 80.0, 175.0, 175.0, 50.0, 35.0, 25.0
G1, 360.0, 170.0, 130.0, 40.0, 30.0, 60.0
G1, 300.0, 40.0, 0.0, 30.0, 40.0, 60.0
G1, 110.0, 75.0, 40.0, 30.0, 40.0, 60.0
G2, 0.0, 75.0, 190.0, 50.0, 35.0, 25.0
G1, 120.0, 125.0, 40.0, 30.0, 40.0, 60.0
G1, 300.0, 40.0, 60.0, 30.0, 40.0, 60.0
G2, 0.0, 185.0, 0.0, 50.0, 25.0, 35.0
G1, 110.0, 75.0, 100.0, 30.0, 40.0, 60.0
G2, 0.0, 185.0, 35.0, 50.0, 25.0, 35.0
G2, 0.0, 185.0, 70.0, 50.0, 25.0, 35.0
G2, 0.0, 185.0, 105.0, 50.0, 25.0, 35.0
G2, 0.0, 185.0, 140.0, 50.0, 25.0, 35.0
G2, 50.0, 40.0, 150.0, 50.0, 25.0, 35.0
G2, 0.0, 185.0, 175.0, 50.0, 25.0, 35.0
G2, 330.0, 60.0, 120.0, 35.0, 25.0, 50.0
G2, 80.0, 125.0, 160.0, 35.0, 25.0, 50.0
G2, 70.0, 75.0, 100.0, 25.0, 35.0, 50.0
G2, 120.0, 125.0, 100.0, 25.0, 35.0, 50.0
G2, 300.0, 40.0, 120.0, 25.0, 35.0, 50.0
G2, 70.0, 75.0, 150.0, 25.0, 35.0, 50.0
G2, 120.0, 125.0, 150.0, 25.0, 35.0, 50.0
G2, 110.0, 75.0, 160.0, 25.0, 35.0, 50.0

第5辆车，装载177件，容积利用率 67.92%，重量利用率 35.13%
货物ID, x(cm), y(cm), z(cm), l(cm), w(cm), h(cm)
G2, 0.0, 0.0, 0.0, 50.0, 35.0, 25.0
G4, 50.0, 0.0, 0.0, 80.0, 60.0, 50.0
G2, 130.0, 0.0, 0.0, 50.0, 35.0, 25.0
G3, 180.0, 0.0, 0.0, 70.0, 50.0, 40.0
G2, 250.0, 0.0, 0.0, 50.0, 35.0, 25.0
G1, 300.0, 0.0, 0.0, 60.0, 40.0, 30.0
G4, 300.0, 40.0, 0.0, 80.0, 60.0, 50.0
G5, 360.0, 0.0, 0.0, 40.0, 40.0, 60.0
G4, 180.0, 50.0, 0.0, 80.0, 60.0, 50.0
G3, 50.0, 60.0, 0.0, 70.0, 50.0, 40.0
G2, 0.0, 35.0, 0.0, 50.0, 35.0, 25.0
G1, 120.0, 60.0, 0.0, 60.0, 40.0, 30.0
G2, 0.0, 70.0, 0.0, 50.0, 35.0, 25.0
G2, 120.0, 100.0, 0.0, 50.0, 35.0, 25.0
G2, 300.0, 100.0, 0.0, 50.0, 35.0, 25.0
G5, 380.0, 40.0, 0.0, 40.0, 40.0, 60.0
G1, 350.0, 100.0, 0.0, 60.0, 40.0, 30.0
G1, 50.0, 110.0, 0.0, 60.0, 40.0, 30.0
G2, 0.0, 105.0, 0.0, 50.0, 35.0, 25.0
G2, 180.0, 110.0, 0.0, 50.0, 35.0, 25.0
G1, 230.0, 110.0, 0.0, 60.0, 40.0, 30.0
G5, 260.0, 50.0, 0.0, 40.0, 40.0, 60.0
G2, 120.0, 135.0, 0.0, 50.0, 35.0, 25.0
G2, 300.0, 135.0, 0.0, 50.0, 35.0, 25.0
G2, 0.0, 140.0, 0.0, 50.0, 35.0, 25.0
G5, 350.0, 140.0, 0.0, 40.0, 40.0, 60.0
G4, 50.0, 0.0, 50.0, 80.0, 60.0, 50.0
G1, 50.0, 150.0, 0.0, 60.0, 40.0, 30.0
G5, 180.0, 145.0, 0.0, 40.0, 40.0, 60.0
G1, 230.0, 150.0, 0.0, 60.0, 40.0, 30.0
G2, 120.0, 170.0, 0.0, 50.0, 35.0, 25.0
G4, 300.0, 40.0, 50.0, 80.0, 60.0, 50.0
G5, 300.0, 170.0, 0.0, 40.0, 40.0, 60.0
G1, 300.0, 0.0, 30.0, 60.0, 40.0, 30.0
G2, 0.0, 175.0, 0.0, 50.0, 35.0, 25.0
G1, 120.0, 60.0, 30.0, 60.0, 40.0, 30.0
G1, 350.0, 100.0, 30.0, 60.0, 40.0, 30.0
G2, 0.0, 0.0, 25.0, 50.0, 35.0, 25.0
G5, 50.0, 110.0, 30.0, 40.0, 40.0, 60.0
G2, 130.0, 0.0, 25.0, 50.0, 35.0, 25.0
G2, 250.0, 0.0, 25.0, 50.0, 35.0, 25.0
G1, 230.0, 110.0, 30.0, 60.0, 40.0, 30.0
G4, 180.0, 50.0, 50.0, 80.0, 60.0, 50.0
G5, 50.0, 150.0, 30.0, 40.0, 40.0, 60.0
G1, 230.0, 150.0, 30.0, 60.0, 40.0, 30.0
G5, 180.0, 0.0, 40.0, 40.0, 40.0, 60.0
G1, 50.0, 60.0, 40.0, 60.0, 40.0, 30.0
G2, 0.0, 35.0, 25.0, 50.0, 35.0, 25.0
G5, 300.0, 0.0, 60.0, 40.0, 40.0, 60.0
G2, 0.0, 70.0, 25.0, 50.0, 35.0, 25.0
G2, 120.0, 100.0, 25.0, 50.0, 35.0, 25.0
G5, 360.0, 0.0, 60.0, 40.0, 40.0, 60.0
G2, 300.0, 100.0, 25.0, 50.0, 35.0, 25.0
G5, 380.0, 40.0, 60.0, 40.0, 40.0, 60.0
G5, 260.0, 50.0, 60.0, 40.0, 40.0, 60.0
G5, 120.0, 60.0, 60.0, 40.0, 40.0, 60.0
G2, 0.0, 105.0, 25.0, 50.0, 35.0, 25.0
G1, 350.0, 100.0, 60.0, 60.0, 40.0, 30.0
G4, 50.0, 0.0, 100.0, 80.0, 60.0, 50.0
G1, 230.0, 110.0, 60.0, 60.0, 40.0, 30.0
G2, 180.0, 110.0, 25.0, 50.0, 35.0, 25.0
G1, 230.0, 150.0, 60.0, 60.0, 40.0, 30.0
G4, 300.0, 40.0, 100.0, 80.0, 60.0, 50.0
G2, 120.0, 135.0, 25.0, 50.0, 35.0, 25.0
G1, 50.0, 60.0, 70.0, 60.0, 40.0, 30.0
G1, 350.0, 100.0, 90.0, 60.0, 40.0, 30.0
G4, 180.0, 50.0, 100.0, 80.0, 60.0, 50.0
G2, 300.0, 135.0, 25.0, 50.0, 35.0, 25.0
G1, 230.0, 110.0, 90.0, 60.0, 40.0, 30.0
G1, 230.0, 150.0, 90.0, 60.0, 40.0, 30.0
G5, 350.0, 140.0, 60.0, 40.0, 40.0, 60.0
G1, 50.0, 60.0, 100.0, 60.0, 40.0, 30.0
G5, 180.0, 145.0, 60.0, 40.0, 40.0, 60.0
G1, 350.0, 100.0, 120.0, 60.0, 40.0, 30.0
G2, 0.0, 140.0, 25.0, 50.0, 35.0, 25.0
G2, 120.0, 170.0, 25.0, 50.0, 35.0, 25.0
G1, 230.0, 110.0, 120.0, 60.0, 40.0, 30.0
G4, 50.0, 0.0, 150.0, 80.0, 60.0, 50.0
G2, 0.0, 175.0, 25.0, 50.0, 35.0, 25.0
G2, 0.0, 0.0, 50.0, 50.0, 35.0, 25.0
G2, 130.0, 0.0, 50.0, 50.0, 35.0, 25.0
G4, 300.0, 40.0, 150.0, 80.0, 60.0, 50.0
G1, 230.0, 150.0, 120.0, 60.0, 40.0, 30.0
G1, 50.0, 60.0, 130.0, 60.0, 40.0, 30.0
G2, 250.0, 0.0, 50.0, 50.0, 35.0, 25.0
G2, 0.0, 35.0, 50.0, 50.0, 35.0, 25.0
G2, 0.0, 70.0, 50.0, 50.0, 35.0, 25.0
G4, 180.0, 50.0, 150.0, 80.0, 60.0, 50.0
G2, 120.0, 100.0, 50.0, 50.0, 35.0, 25.0
G2, 300.0, 100.0, 50.0, 50.0, 35.0, 25.0
G5, 300.0, 170.0, 60.0, 40.0, 40.0, 60.0
G2, 0.0, 105.0, 50.0, 50.0, 35.0, 25.0
G1, 350.0, 100.0, 150.0, 60.0, 40.0, 30.0
G5, 50.0, 110.0, 90.0, 40.0, 40.0, 60.0
G2, 180.0, 110.0, 50.0, 50.0, 35.0, 25.0
G2, 120.0, 135.0, 50.0, 50.0, 35.0, 25.0
G2, 300.0, 135.0, 50.0, 50.0, 35.0, 25.0
G5, 50.0, 150.0, 90.0, 40.0, 40.0, 60.0
G2, 0.0, 140.0, 50.0, 50.0, 35.0, 25.0
G2, 120.0, 170.0, 50.0, 50.0, 35.0, 25.0
G5, 180.0, 0.0, 100.0, 40.0, 40.0, 60.0
G5, 300.0, 0.0, 120.0, 40.0, 40.0, 60.0
G2, 0.0, 175.0, 50.0, 50.0, 35.0, 25.0
G5, 260.0, 50.0, 120.0, 40.0, 40.0, 60.0
G1, 230.0, 110.0, 150.0, 60.0, 40.0, 30.0
G1, 230.0, 150.0, 150.0, 60.0, 40.0, 30.0
G1, 50.0, 60.0, 160.0, 60.0, 40.0, 30.0
G1, 350.0, 100.0, 180.0, 60.0, 40.0, 30.0
G1, 230.0, 110.0, 180.0, 60.0, 40.0, 30.0
G1, 230.0, 150.0, 180.0, 60.0, 40.0, 30.0
G5, 120.0, 60.0, 120.0, 40.0, 40.0, 60.0
G1, 350.0, 180.0, 0.0, 60.0, 30.0, 40.0
G2, 0.0, 0.0, 75.0, 50.0, 35.0, 25.0
G2, 130.0, 0.0, 75.0, 50.0, 35.0, 25.0
G5, 180.0, 145.0, 120.0, 40.0, 40.0, 60.0
G5, 300.0, 170.0, 120.0, 40.0, 40.0, 60.0
G2, 250.0, 0.0, 75.0, 50.0, 35.0, 25.0
G1, 350.0, 180.0, 40.0, 60.0, 30.0, 40.0
G1, 350.0, 180.0, 80.0, 60.0, 30.0, 40.0
G2, 0.0, 35.0, 75.0, 50.0, 35.0, 25.0
G1, 350.0, 180.0, 120.0, 60.0, 30.0, 40.0
G1, 350.0, 180.0, 160.0, 60.0, 30.0, 40.0
G1, 0.0, 70.0, 75.0, 40.0, 30.0, 60.0
G1, 120.0, 100.0, 75.0, 40.0, 30.0, 60.0
G2, 0.0, 105.0, 75.0, 50.0, 35.0, 25.0
G2, 120.0, 135.0, 75.0, 50.0, 35.0, 25.0
G2, 300.0, 135.0, 75.0, 50.0, 35.0, 25.0
G2, 0.0, 140.0, 75.0, 50.0, 35.0, 25.0
G1, 300.0, 100.0, 75.0, 40.0, 30.0, 60.0
G2, 120.0, 170.0, 75.0, 50.0, 35.0, 25.0
G2, 0.0, 175.0, 75.0, 50.0, 35.0, 25.0
G1, 180.0, 110.0, 75.0, 40.0, 30.0, 60.0
G2, 0.0, 0.0, 100.0, 50.0, 35.0, 25.0
G2, 130.0, 0.0, 100.0, 50.0, 35.0, 25.0
G1, 250.0, 0.0, 100.0, 40.0, 30.0, 60.0
G2, 0.0, 35.0, 100.0, 50.0, 35.0, 25.0
G1, 0.0, 105.0, 100.0, 40.0, 30.0, 60.0
G2, 120.0, 135.0, 100.0, 50.0, 35.0, 25.0
G2, 120.0, 170.0, 100.0, 50.0, 35.0, 25.0
G2, 0.0, 175.0, 100.0, 50.0, 35.0, 25.0
G2, 0.0, 0.0, 125.0, 50.0, 35.0, 25.0
G1, 300.0, 135.0, 100.0, 40.0, 30.0, 60.0
G2, 130.0, 0.0, 125.0, 50.0, 35.0, 25.0
G1, 0.0, 140.0, 100.0, 40.0, 30.0, 60.0
G2, 120.0, 135.0, 125.0, 50.0, 35.0, 25.0
G2, 120.0, 170.0, 125.0, 50.0, 35.0, 25.0
G1, 360.0, 0.0, 120.0, 40.0, 30.0, 60.0
G2, 0.0, 175.0, 125.0, 50.0, 35.0, 25.0
G2, 130.0, 0.0, 150.0, 50.0, 35.0, 25.0
G1, 0.0, 35.0, 125.0, 40.0, 30.0, 60.0
G1, 0.0, 70.0, 135.0, 40.0, 30.0, 60.0
G1, 120.0, 100.0, 135.0, 40.0, 30.0, 60.0
G2, 120.0, 135.0, 150.0, 50.0, 35.0, 25.0
G2, 120.0, 170.0, 150.0, 50.0, 35.0, 25.0
G1, 300.0, 100.0, 135.0, 40.0, 30.0, 60.0
G1, 180.0, 110.0, 135.0, 40.0, 30.0, 60.0
G2, 0.0, 175.0, 150.0, 50.0, 35.0, 25.0
G2, 130.0, 0.0, 175.0, 50.0, 35.0, 25.0
G2, 120.0, 135.0, 175.0, 50.0, 35.0, 25.0
G2, 120.0, 170.0, 175.0, 50.0, 35.0, 25.0
G2, 130.0, 35.0, 0.0, 50.0, 25.0, 35.0
G2, 180.0, 185.0, 0.0, 50.0, 25.0, 35.0
G2, 180.0, 185.0, 35.0, 50.0, 25.0, 35.0
G1, 0.0, 0.0, 150.0, 40.0, 30.0, 60.0
G2, 180.0, 185.0, 70.0, 50.0, 25.0, 35.0
G2, 180.0, 185.0, 105.0, 50.0, 25.0, 35.0
G1, 50.0, 110.0, 150.0, 40.0, 30.0, 60.0
G1, 390.0, 140.0, 0.0, 30.0, 40.0, 60.0
G2, 180.0, 185.0, 140.0, 50.0, 25.0, 35.0
G2, 180.0, 185.0, 175.0, 50.0, 25.0, 35.0
G2, 250.0, 0.0, 160.0, 35.0, 25.0, 50.0
G2, 0.0, 105.0, 160.0, 35.0, 25.0, 50.0
G1, 220.0, 0.0, 40.0, 30.0, 40.0, 60.0
G2, 300.0, 135.0, 160.0, 35.0, 25.0, 50.0
G2, 0.0, 140.0, 160.0, 35.0, 25.0, 50.0
G1, 220.0, 0.0, 100.0, 30.0, 40.0, 60.0
G2, 220.0, 0.0, 160.0, 25.0, 35.0, 50.0

第6辆车，装载176件，容积利用率 66.54%，重量利用率 34.45%
货物ID, x(cm), y(cm), z(cm), l(cm), w(cm), h(cm)
G1, 0.0, 0.0, 0.0, 60.0, 40.0, 30.0
G2, 60.0, 0.0, 0.0, 50.0, 35.0, 25.0
G5, 110.0, 0.0, 0.0, 40.0, 40.0, 60.0
G2, 150.0, 0.0, 0.0, 50.0, 35.0, 25.0
G1, 200.0, 0.0, 0.0, 60.0, 40.0, 30.0
G2, 260.0, 0.0, 0.0, 50.0, 35.0, 25.0
G3, 310.0, 0.0, 0.0, 70.0, 50.0, 40.0
G2, 60.0, 35.0, 0.0, 50.0, 35.0, 25.0
G1, 0.0, 40.0, 0.0, 60.0, 40.0, 30.0
G2, 150.0, 35.0, 0.0, 50.0, 35.0, 25.0
G2, 260.0, 35.0, 0.0, 50.0, 35.0, 25.0
G1, 200.0, 40.0, 0.0, 60.0, 40.0, 30.0
G2, 310.0, 50.0, 0.0, 50.0, 35.0, 25.0
G5, 380.0, 0.0, 0.0, 40.0, 40.0, 60.0
G5, 110.0, 40.0, 0.0, 40.0, 40.0, 60.0
G5, 380.0, 40.0, 0.0, 40.0, 40.0, 60.0
G4, 0.0, 80.0, 0.0, 80.0, 60.0, 50.0
G4, 80.0, 80.0, 0.0, 80.0, 60.0, 50.0
G2, 260.0, 70.0, 0.0, 50.0, 35.0, 25.0
G2, 160.0, 80.0, 0.0, 50.0, 35.0, 25.0
G2, 210.0, 80.0, 0.0, 50.0, 35.0, 25.0
G1, 310.0, 85.0, 0.0, 60.0, 40.0, 30.0
G1, 160.0, 115.0, 0.0, 60.0, 40.0, 30.0
G1, 220.0, 115.0, 0.0, 60.0, 40.0, 30.0
G1, 310.0, 125.0, 0.0, 60.0, 40.0, 30.0
G1, 0.0, 140.0, 0.0, 60.0, 40.0, 30.0
G4, 60.0, 140.0, 0.0, 80.0, 60.0, 50.0
G2, 370.0, 85.0, 0.0, 50.0, 35.0, 25.0
G2, 370.0, 120.0, 0.0, 50.0, 35.0, 25.0
G5, 160.0, 155.0, 0.0, 40.0, 40.0, 60.0
G2, 200.0, 155.0, 0.0, 50.0, 35.0, 25.0
G4, 0.0, 80.0, 50.0, 80.0, 60.0, 50.0
G2, 250.0, 155.0, 0.0, 50.0, 35.0, 25.0
G1, 310.0, 165.0, 0.0, 60.0, 40.0, 30.0
G2, 370.0, 155.0, 0.0, 50.0, 35.0, 25.0
G2, 60.0, 0.0, 25.0, 50.0, 35.0, 25.0
G2, 150.0, 0.0, 25.0, 50.0, 35.0, 25.0
G1, 0.0, 0.0, 30.0, 60.0, 40.0, 30.0
G1, 200.0, 0.0, 30.0, 60.0, 40.0, 30.0
G2, 260.0, 0.0, 25.0, 50.0, 35.0, 25.0
G1, 0.0, 40.0, 30.0, 60.0, 40.0, 30.0
G1, 200.0, 40.0, 30.0, 60.0, 40.0, 30.0
G2, 60.0, 35.0, 25.0, 50.0, 35.0, 25.0
G5, 310.0, 85.0, 30.0, 40.0, 40.0, 60.0
G2, 150.0, 35.0, 25.0, 50.0, 35.0, 25.0
G2, 260.0, 35.0, 25.0, 50.0, 35.0, 25.0
G4, 80.0, 80.0, 50.0, 80.0, 60.0, 50.0
G5, 160.0, 115.0, 30.0, 40.0, 40.0, 60.0
G4, 60.0, 140.0, 50.0, 80.0, 60.0, 50.0
G2, 310.0, 50.0, 25.0, 50.0, 35.0, 25.0
G4, 0.0, 80.0, 100.0, 80.0, 60.0, 50.0
G2, 260.0, 70.0, 25.0, 50.0, 35.0, 25.0
G5, 220.0, 115.0, 30.0, 40.0, 40.0, 60.0
G4, 80.0, 80.0, 100.0, 80.0, 60.0, 50.0
G4, 60.0, 140.0, 100.0, 80.0, 60.0, 50.0
G4, 0.0, 80.0, 150.0, 80.0, 60.0, 50.0
G2, 160.0, 80.0, 25.0, 50.0, 35.0, 25.0
G5, 310.0, 125.0, 30.0, 40.0, 40.0, 60.0
G1, 0.0, 140.0, 30.0, 60.0, 40.0, 30.0
G2, 210.0, 80.0, 25.0, 50.0, 35.0, 25.0
G4, 80.0, 80.0, 150.0, 80.0, 60.0, 50.0
G2, 370.0, 85.0, 25.0, 50.0, 35.0, 25.0
G2, 370.0, 120.0, 25.0, 50.0, 35.0, 25.0
G1, 310.0, 165.0, 30.0, 60.0, 40.0, 30.0
G2, 200.0, 155.0, 25.0, 50.0, 35.0, 25.0
G1, 310.0, 0.0, 40.0, 60.0, 40.0, 30.0
G1, 0.0, 0.0, 60.0, 60.0, 40.0, 30.0
G2, 250.0, 155.0, 25.0, 50.0, 35.0, 25.0
G2, 370.0, 155.0, 25.0, 50.0, 35.0, 25.0
G5, 110.0, 0.0, 60.0, 40.0, 40.0, 60.0
G2, 60.0, 0.0, 50.0, 50.0, 35.0, 25.0
G2, 150.0, 0.0, 50.0, 50.0, 35.0, 25.0
G2, 260.0, 0.0, 50.0, 50.0, 35.0, 25.0
G1, 200.0, 0.0, 60.0, 60.0, 40.0, 30.0
G4, 60.0, 140.0, 150.0, 80.0, 60.0, 50.0
G2, 60.0, 35.0, 50.0, 50.0, 35.0, 25.0
G1, 0.0, 40.0, 60.0, 60.0, 40.0, 30.0
G2, 150.0, 35.0, 50.0, 50.0, 35.0, 25.0
G2, 260.0, 35.0, 50.0, 50.0, 35.0, 25.0
G1, 200.0, 40.0, 60.0, 60.0, 40.0, 30.0
G1, 0.0, 140.0, 60.0, 60.0, 40.0, 30.0
G1, 310.0, 165.0, 60.0, 60.0, 40.0, 30.0
G2, 310.0, 50.0, 50.0, 50.0, 35.0, 25.0
G2, 260.0, 70.0, 50.0, 50.0, 35.0, 25.0
G1, 310.0, 0.0, 70.0, 60.0, 40.0, 30.0
G1, 0.0, 0.0, 90.0, 60.0, 40.0, 30.0
G2, 160.0, 80.0, 50.0, 50.0, 35.0, 25.0
G5, 380.0, 0.0, 60.0, 40.0, 40.0, 60.0
G5, 110.0, 40.0, 60.0, 40.0, 40.0, 60.0
G1, 200.0, 0.0, 90.0, 60.0, 40.0, 30.0
G1, 0.0, 40.0, 90.0, 60.0, 40.0, 30.0
G1, 200.0, 40.0, 90.0, 60.0, 40.0, 30.0
G5, 380.0, 40.0, 60.0, 40.0, 40.0, 60.0
G1, 0.0, 140.0, 90.0, 60.0, 40.0, 30.0
G2, 210.0, 80.0, 50.0, 50.0, 35.0, 25.0
G5, 160.0, 155.0, 60.0, 40.0, 40.0, 60.0
G1, 310.0, 165.0, 90.0, 60.0, 40.0, 30.0
G5, 310.0, 85.0, 90.0, 40.0, 40.0, 60.0
G2, 370.0, 85.0, 50.0, 50.0, 35.0, 25.0
G2, 370.0, 120.0, 50.0, 50.0, 35.0, 25.0
G1, 310.0, 0.0, 100.0, 60.0, 40.0, 30.0
G2, 200.0, 155.0, 50.0, 50.0, 35.0, 25.0
G1, 0.0, 0.0, 120.0, 60.0, 40.0, 30.0
G1, 200.0, 0.0, 120.0, 60.0, 40.0, 30.0
G5, 160.0, 115.0, 90.0, 40.0, 40.0, 60.0
G2, 250.0, 155.0, 50.0, 50.0, 35.0, 25.0
G1, 0.0, 40.0, 120.0, 60.0, 40.0, 30.0
G1, 200.0, 40.0, 120.0, 60.0, 40.0, 30.0
G2, 370.0, 155.0, 50.0, 50.0, 35.0, 25.0
G2, 60.0, 0.0, 75.0, 50.0, 35.0, 25.0
G5, 220.0, 115.0, 90.0, 40.0, 40.0, 60.0
G1, 0.0, 140.0, 120.0, 60.0, 40.0, 30.0
G2, 150.0, 0.0, 75.0, 50.0, 35.0, 25.0
G2, 260.0, 0.0, 75.0, 50.0, 35.0, 25.0
G2, 60.0, 35.0, 75.0, 50.0, 35.0, 25.0
G2, 150.0, 35.0, 75.0, 50.0, 35.0, 25.0
G5, 310.0, 125.0, 90.0, 40.0, 40.0, 60.0
G1, 310.0, 165.0, 120.0, 60.0, 40.0, 30.0
G1, 310.0, 0.0, 130.0, 60.0, 40.0, 30.0
G1, 0.0, 0.0, 150.0, 60.0, 40.0, 30.0
G2, 260.0, 35.0, 75.0, 50.0, 35.0, 25.0
G2, 310.0, 50.0, 75.0, 50.0, 35.0, 25.0
G2, 260.0, 70.0, 75.0, 50.0, 35.0, 25.0
G1, 200.0, 0.0, 150.0, 60.0, 40.0, 30.0
G1, 310.0, 165.0, 150.0, 60.0, 40.0, 30.0
G1, 310.0, 0.0, 160.0, 60.0, 40.0, 30.0
G2, 160.0, 80.0, 75.0, 50.0, 35.0, 25.0
G5, 110.0, 0.0, 120.0, 40.0, 40.0, 60.0
G2, 210.0, 80.0, 75.0, 50.0, 35.0, 25.0
G1, 310.0, 165.0, 180.0, 60.0, 40.0, 30.0
G1, 0.0, 180.0, 0.0, 60.0, 30.0, 40.0
G5, 380.0, 0.0, 120.0, 40.0, 40.0, 60.0
G1, 0.0, 180.0, 40.0, 60.0, 30.0, 40.0
G2, 370.0, 85.0, 75.0, 50.0, 35.0, 25.0
G1, 0.0, 180.0, 80.0, 60.0, 30.0, 40.0
G1, 370.0, 120.0, 75.0, 40.0, 30.0, 60.0
G1, 200.0, 155.0, 75.0, 40.0, 30.0, 60.0
G1, 250.0, 155.0, 75.0, 40.0, 30.0, 60.0
G2, 370.0, 155.0, 75.0, 50.0, 35.0, 25.0
G2, 60.0, 0.0, 100.0, 50.0, 35.0, 25.0
G2, 150.0, 0.0, 100.0, 50.0, 35.0, 25.0
G1, 260.0, 70.0, 100.0, 40.0, 30.0, 60.0
G5, 380.0, 40.0, 120.0, 40.0, 40.0, 60.0
G1, 210.0, 80.0, 100.0, 40.0, 30.0, 60.0
G1, 370.0, 85.0, 100.0, 40.0, 30.0, 60.0
G2, 260.0, 0.0, 100.0, 50.0, 35.0, 25.0
G2, 310.0, 50.0, 100.0, 50.0, 35.0, 25.0
G2, 370.0, 155.0, 100.0, 50.0, 35.0, 25.0
G2, 370.0, 155.0, 125.0, 50.0, 35.0, 25.0
G2, 0.0, 40.0, 150.0, 50.0, 35.0, 25.0
G2, 0.0, 140.0, 150.0, 50.0, 35.0, 25.0
G2, 370.0, 155.0, 150.0, 50.0, 35.0, 25.0
G2, 0.0, 40.0, 175.0, 50.0, 35.0, 25.0
G2, 0.0, 140.0, 175.0, 50.0, 35.0, 25.0
G1, 0.0, 180.0, 120.0, 40.0, 30.0, 60.0
G2, 370.0, 155.0, 175.0, 50.0, 35.0, 25.0
G1, 370.0, 120.0, 135.0, 40.0, 30.0, 60.0
G2, 0.0, 0.0, 180.0, 50.0, 35.0, 25.0
G5, 220.0, 115.0, 150.0, 40.0, 40.0, 60.0
G1, 310.0, 125.0, 150.0, 40.0, 30.0, 60.0
G1, 280.0, 115.0, 0.0, 30.0, 40.0, 60.0
G2, 60.0, 0.0, 125.0, 50.0, 25.0, 35.0
G1, 160.0, 155.0, 120.0, 30.0, 40.0, 60.0
G2, 150.0, 0.0, 125.0, 50.0, 25.0, 35.0
G2, 260.0, 0.0, 125.0, 50.0, 25.0, 35.0
G2, 310.0, 50.0, 125.0, 50.0, 25.0, 35.0
G2, 60.0, 0.0, 160.0, 50.0, 25.0, 35.0
G2, 150.0, 0.0, 160.0, 50.0, 25.0, 35.0
G2, 260.0, 0.0, 160.0, 50.0, 25.0, 35.0
G2, 310.0, 50.0, 160.0, 50.0, 25.0, 35.0
G2, 160.0, 80.0, 100.0, 35.0, 25.0, 50.0
G2, 160.0, 80.0, 150.0, 35.0, 25.0, 50.0
G2, 370.0, 85.0, 160.0, 35.0, 25.0, 50.0
G2, 280.0, 115.0, 60.0, 25.0, 35.0, 50.0
G2, 280.0, 115.0, 110.0, 25.0, 35.0, 50.0
G2, 280.0, 115.0, 160.0, 25.0, 35.0, 50.0

第7辆车，装载160件，容积利用率 67.63%，重量利用率 33.33%
货物ID, x(cm), y(cm), z(cm), l(cm), w(cm), h(cm)
G2, 0.0, 0.0, 0.0, 50.0, 35.0, 25.0
G4, 50.0, 0.0, 0.0, 80.0, 60.0, 50.0
G4, 130.0, 0.0, 0.0, 80.0, 60.0, 50.0
G3, 210.0, 0.0, 0.0, 70.0, 50.0, 40.0
G2, 280.0, 0.0, 0.0, 50.0, 35.0, 25.0
G1, 330.0, 0.0, 0.0, 60.0, 40.0, 30.0
G1, 330.0, 40.0, 0.0, 60.0, 40.0, 30.0
G1, 210.0, 50.0, 0.0, 60.0, 40.0, 30.0
G1, 270.0, 50.0, 0.0, 60.0, 40.0, 30.0
G4, 50.0, 60.0, 0.0, 80.0, 60.0, 50.0
G4, 130.0, 60.0, 0.0, 80.0, 60.0, 50.0
G4, 330.0, 80.0, 0.0, 80.0, 60.0, 50.0
G5, 0.0, 35.0, 0.0, 40.0, 40.0, 60.0
G2, 0.0, 75.0, 0.0, 50.0, 35.0, 25.0
G2, 210.0, 90.0, 0.0, 50.0, 35.0, 25.0
G3, 260.0, 90.0, 0.0, 70.0, 50.0, 40.0
G2, 0.0, 110.0, 0.0, 50.0, 35.0, 25.0
G5, 50.0, 120.0, 0.0, 40.0, 40.0, 60.0
G2, 90.0, 120.0, 0.0, 50.0, 35.0, 25.0
G2, 140.0, 120.0, 0.0, 50.0, 35.0, 25.0
G2, 210.0, 125.0, 0.0, 50.0, 35.0, 25.0
G1, 260.0, 140.0, 0.0, 60.0, 40.0, 30.0
G1, 320.0, 140.0, 0.0, 60.0, 40.0, 30.0
G1, 90.0, 155.0, 0.0, 60.0, 40.0, 30.0
G2, 0.0, 145.0, 0.0, 50.0, 35.0, 25.0
G1, 150.0, 155.0, 0.0, 60.0, 40.0, 30.0
G4, 50.0, 0.0, 50.0, 80.0, 60.0, 50.0
G1, 330.0, 0.0, 30.0, 60.0, 40.0, 30.0
G3, 210.0, 160.0, 0.0, 50.0, 40.0, 70.0
G1, 330.0, 40.0, 30.0, 60.0, 40.0, 30.0
G3, 380.0, 140.0, 0.0, 40.0, 70.0, 50.0
G1, 210.0, 50.0, 30.0, 60.0, 40.0, 30.0
G4, 130.0, 0.0, 50.0, 80.0, 60.0, 50.0
G4, 50.0, 60.0, 50.0, 80.0, 60.0, 50.0
G1, 270.0, 50.0, 30.0, 60.0, 40.0, 30.0
G1, 260.0, 140.0, 30.0, 60.0, 40.0, 30.0
G1, 320.0, 140.0, 30.0, 60.0, 40.0, 30.0
G5, 50.0, 160.0, 0.0, 40.0, 40.0, 60.0
G2, 0.0, 0.0, 25.0, 50.0, 35.0, 25.0
G4, 130.0, 60.0, 50.0, 80.0, 60.0, 50.0
G2, 280.0, 0.0, 25.0, 50.0, 35.0, 25.0
G5, 90.0, 155.0, 30.0, 40.0, 40.0, 60.0
G1, 150.0, 155.0, 30.0, 60.0, 40.0, 30.0
G1, 210.0, 0.0, 40.0, 60.0, 40.0, 30.0
G4, 330.0, 80.0, 50.0, 80.0, 60.0, 50.0
G2, 0.0, 75.0, 25.0, 50.0, 35.0, 25.0
G2, 210.0, 90.0, 25.0, 50.0, 35.0, 25.0
G4, 50.0, 0.0, 100.0, 80.0, 60.0, 50.0
G5, 260.0, 90.0, 40.0, 40.0, 40.0, 60.0
G5, 380.0, 140.0, 50.0, 40.0, 40.0, 60.0
G2, 0.0, 110.0, 25.0, 50.0, 35.0, 25.0
G2, 90.0, 120.0, 25.0, 50.0, 35.0, 25.0
G2, 140.0, 120.0, 25.0, 50.0, 35.0, 25.0
G5, 330.0, 0.0, 60.0, 40.0, 40.0, 60.0
G1, 330.0, 40.0, 60.0, 60.0, 40.0, 30.0
G2, 210.0, 125.0, 25.0, 50.0, 35.0, 25.0
G1, 210.0, 50.0, 60.0, 60.0, 40.0, 30.0
G2, 0.0, 145.0, 25.0, 50.0, 35.0, 25.0
G1, 270.0, 50.0, 60.0, 60.0, 40.0, 30.0
G2, 0.0, 0.0, 50.0, 50.0, 35.0, 25.0
G1, 260.0, 140.0, 60.0, 60.0, 40.0, 30.0
G4, 130.0, 0.0, 100.0, 80.0, 60.0, 50.0
G2, 280.0, 0.0, 50.0, 50.0, 35.0, 25.0
G5, 0.0, 35.0, 60.0, 40.0, 40.0, 60.0
G1, 320.0, 140.0, 60.0, 60.0, 40.0, 30.0
G2, 0.0, 75.0, 50.0, 50.0, 35.0, 25.0
G1, 150.0, 155.0, 60.0, 60.0, 40.0, 30.0
G2, 210.0, 90.0, 50.0, 50.0, 35.0, 25.0
G1, 210.0, 0.0, 70.0, 60.0, 40.0, 30.0
G2, 0.0, 110.0, 50.0, 50.0, 35.0, 25.0
G5, 50.0, 120.0, 60.0, 40.0, 40.0, 60.0
G2, 90.0, 120.0, 50.0, 50.0, 35.0, 25.0
G1, 330.0, 40.0, 90.0, 60.0, 40.0, 30.0
G1, 210.0, 50.0, 90.0, 60.0, 40.0, 30.0
G5, 50.0, 160.0, 60.0, 40.0, 40.0, 60.0
G5, 210.0, 160.0, 70.0, 40.0, 40.0, 60.0
G4, 50.0, 60.0, 100.0, 80.0, 60.0, 50.0
G2, 140.0, 120.0, 50.0, 50.0, 35.0, 25.0
G2, 210.0, 125.0, 50.0, 50.0, 35.0, 25.0
G1, 270.0, 50.0, 90.0, 60.0, 40.0, 30.0
G4, 130.0, 60.0, 100.0, 80.0, 60.0, 50.0
G1, 260.0, 140.0, 90.0, 60.0, 40.0, 30.0
G5, 320.0, 140.0, 90.0, 40.0, 40.0, 60.0
G2, 0.0, 145.0, 50.0, 50.0, 35.0, 25.0
G2, 0.0, 0.0, 75.0, 50.0, 35.0, 25.0
G2, 280.0, 0.0, 75.0, 50.0, 35.0, 25.0
G1, 150.0, 155.0, 90.0, 60.0, 40.0, 30.0
G4, 330.0, 80.0, 100.0, 80.0, 60.0, 50.0
G5, 90.0, 155.0, 90.0, 40.0, 40.0, 60.0
G5, 210.0, 0.0, 100.0, 40.0, 40.0, 60.0
G5, 260.0, 90.0, 100.0, 40.0, 40.0, 60.0
G4, 330.0, 80.0, 150.0, 80.0, 60.0, 50.0
G1, 330.0, 40.0, 120.0, 60.0, 40.0, 30.0
G2, 0.0, 75.0, 75.0, 50.0, 35.0, 25.0
G5, 380.0, 140.0, 110.0, 40.0, 40.0, 60.0
G2, 210.0, 90.0, 75.0, 50.0, 35.0, 25.0
G1, 210.0, 50.0, 120.0, 60.0, 40.0, 30.0
G1, 260.0, 140.0, 120.0, 60.0, 40.0, 30.0
G1, 150.0, 155.0, 120.0, 60.0, 40.0, 30.0
G2, 0.0, 110.0, 75.0, 50.0, 35.0, 25.0
G2, 90.0, 120.0, 75.0, 50.0, 35.0, 25.0
G1, 50.0, 0.0, 150.0, 60.0, 40.0, 30.0
G1, 130.0, 0.0, 150.0, 60.0, 40.0, 30.0
G1, 50.0, 60.0, 150.0, 60.0, 40.0, 30.0
G2, 140.0, 120.0, 75.0, 50.0, 35.0, 25.0
G2, 210.0, 125.0, 75.0, 50.0, 35.0, 25.0
G1, 260.0, 140.0, 150.0, 60.0, 40.0, 30.0
G5, 330.0, 0.0, 120.0, 40.0, 40.0, 60.0
G5, 0.0, 35.0, 120.0, 40.0, 40.0, 60.0
G2, 0.0, 145.0, 75.0, 50.0, 35.0, 25.0
G1, 150.0, 155.0, 150.0, 60.0, 40.0, 30.0
G5, 210.0, 50.0, 150.0, 40.0, 40.0, 60.0
G5, 320.0, 140.0, 150.0, 40.0, 40.0, 60.0
G2, 0.0, 0.0, 100.0, 50.0, 35.0, 25.0
G2, 280.0, 0.0, 100.0, 50.0, 35.0, 25.0
G2, 0.0, 75.0, 100.0, 50.0, 35.0, 25.0
G1, 50.0, 0.0, 180.0, 60.0, 40.0, 30.0
G2, 0.0, 110.0, 100.0, 50.0, 35.0, 25.0
G1, 130.0, 0.0, 180.0, 60.0, 40.0, 30.0
G1, 50.0, 60.0, 180.0, 60.0, 40.0, 30.0
G1, 150.0, 155.0, 180.0, 60.0, 40.0, 30.0
G2, 90.0, 120.0, 100.0, 50.0, 35.0, 25.0
G2, 140.0, 120.0, 100.0, 50.0, 35.0, 25.0
G2, 210.0, 125.0, 100.0, 50.0, 35.0, 25.0
G1, 260.0, 180.0, 0.0, 60.0, 30.0, 40.0
G1, 330.0, 40.0, 150.0, 60.0, 30.0, 40.0
G1, 0.0, 180.0, 0.0, 40.0, 30.0, 60.0
G2, 0.0, 145.0, 100.0, 50.0, 35.0, 25.0
G1, 260.0, 180.0, 40.0, 40.0, 30.0, 60.0
G1, 380.0, 180.0, 50.0, 40.0, 30.0, 60.0
G1, 0.0, 180.0, 60.0, 40.0, 30.0, 60.0
G1, 260.0, 180.0, 100.0, 40.0, 30.0, 60.0
G1, 380.0, 180.0, 110.0, 40.0, 30.0, 60.0
G1, 270.0, 50.0, 120.0, 40.0, 30.0, 60.0
G2, 0.0, 0.0, 125.0, 50.0, 35.0, 25.0
G2, 280.0, 0.0, 125.0, 50.0, 35.0, 25.0
G2, 0.0, 75.0, 125.0, 50.0, 35.0, 25.0
G2, 0.0, 110.0, 125.0, 50.0, 35.0, 25.0
G1, 0.0, 180.0, 120.0, 40.0, 30.0, 60.0
G2, 140.0, 120.0, 125.0, 50.0, 35.0, 25.0
G2, 0.0, 0.0, 150.0, 50.0, 35.0, 25.0
G1, 210.0, 125.0, 125.0, 40.0, 30.0, 60.0
G2, 280.0, 0.0, 150.0, 50.0, 35.0, 25.0
G2, 0.0, 0.0, 175.0, 50.0, 35.0, 25.0
G1, 0.0, 145.0, 125.0, 40.0, 30.0, 60.0
G2, 280.0, 0.0, 175.0, 50.0, 35.0, 25.0
G2, 260.0, 140.0, 180.0, 50.0, 35.0, 25.0
G2, 0.0, 75.0, 150.0, 50.0, 25.0, 35.0
G2, 50.0, 160.0, 120.0, 35.0, 25.0, 50.0
G2, 90.0, 120.0, 125.0, 35.0, 25.0, 50.0
G2, 0.0, 110.0, 150.0, 35.0, 25.0, 50.0
G1, 390.0, 0.0, 0.0, 30.0, 60.0, 40.0
G2, 210.0, 0.0, 160.0, 35.0, 25.0, 50.0
G1, 390.0, 0.0, 40.0, 30.0, 60.0, 40.0
G2, 260.0, 180.0, 160.0, 35.0, 25.0, 50.0
G2, 390.0, 0.0, 80.0, 25.0, 50.0, 35.0
G2, 390.0, 0.0, 115.0, 25.0, 50.0, 35.0
G2, 300.0, 90.0, 40.0, 25.0, 35.0, 50.0
G2, 300.0, 90.0, 90.0, 25.0, 35.0, 50.0
G2, 390.0, 0.0, 150.0, 25.0, 35.0, 50.0

第8辆车，装载180件，容积利用率 70.27%，重量利用率 35.48%
货物ID, x(cm), y(cm), z(cm), l(cm), w(cm), h(cm)
G1, 0.0, 0.0, 0.0, 60.0, 40.0, 30.0
G2, 60.0, 0.0, 0.0, 50.0, 35.0, 25.0
G5, 110.0, 0.0, 0.0, 40.0, 40.0, 60.0
G5, 150.0, 0.0, 0.0, 40.0, 40.0, 60.0
G2, 190.0, 0.0, 0.0, 50.0, 35.0, 25.0
G3, 240.0, 0.0, 0.0, 70.0, 50.0, 40.0
G1, 310.0, 0.0, 0.0, 60.0, 40.0, 30.0
G4, 0.0, 40.0, 0.0, 80.0, 60.0, 50.0
G2, 370.0, 0.0, 0.0, 50.0, 35.0, 25.0
G4, 80.0, 40.0, 0.0, 80.0, 60.0, 50.0
G5, 190.0, 35.0, 0.0, 40.0, 40.0, 60.0
G1, 310.0, 40.0, 0.0, 60.0, 40.0, 30.0
G1, 240.0, 50.0, 0.0, 60.0, 40.0, 30.0
G2, 370.0, 35.0, 0.0, 50.0, 35.0, 25.0
G1, 310.0, 80.0, 0.0, 60.0, 40.0, 30.0
G4, 0.0, 100.0, 0.0, 80.0, 60.0, 50.0
G1, 240.0, 90.0, 0.0, 60.0, 40.0, 30.0
G1, 80.0, 100.0, 0.0, 60.0, 40.0, 30.0
G1, 140.0, 100.0, 0.0, 60.0, 40.0, 30.0
G1, 310.0, 120.0, 0.0, 60.0, 40.0, 30.0
G3, 240.0, 130.0, 0.0, 70.0, 50.0, 40.0
G2, 370.0, 70.0, 0.0, 50.0, 35.0, 25.0
G2, 370.0, 105.0, 0.0, 50.0, 35.0, 25.0
G4, 80.0, 140.0, 0.0, 80.0, 60.0, 50.0
G2, 160.0, 140.0, 0.0, 50.0, 35.0, 25.0
G3, 0.0, 160.0, 0.0, 70.0, 50.0, 40.0
G4, 0.0, 40.0, 50.0, 80.0, 60.0, 50.0
G1, 310.0, 160.0, 0.0, 60.0, 40.0, 30.0
G2, 370.0, 140.0, 0.0, 50.0, 35.0, 25.0
G2, 160.0, 175.0, 0.0, 50.0, 35.0, 25.0
G2, 370.0, 175.0, 0.0, 50.0, 35.0, 25.0
G2, 60.0, 0.0, 25.0, 50.0, 35.0, 25.0
G1, 0.0, 0.0, 30.0, 60.0, 40.0, 30.0
G2, 190.0, 0.0, 25.0, 50.0, 35.0, 25.0
G2, 370.0, 0.0, 25.0, 50.0, 35.0, 25.0
G4, 80.0, 40.0, 50.0, 80.0, 60.0, 50.0
G2, 370.0, 35.0, 25.0, 50.0, 35.0, 25.0
G1, 310.0, 0.0, 30.0, 60.0, 40.0, 30.0
G2, 370.0, 70.0, 25.0, 50.0, 35.0, 25.0
G1, 310.0, 40.0, 30.0, 60.0, 40.0, 30.0
G2, 370.0, 105.0, 25.0, 50.0, 35.0, 25.0
G1, 240.0, 50.0, 30.0, 60.0, 40.0, 30.0
G2, 160.0, 140.0, 25.0, 50.0, 35.0, 25.0
G2, 370.0, 140.0, 25.0, 50.0, 35.0, 25.0
G4, 0.0, 100.0, 50.0, 80.0, 60.0, 50.0
G2, 160.0, 175.0, 25.0, 50.0, 35.0, 25.0
G1, 310.0, 80.0, 30.0, 60.0, 40.0, 30.0
G1, 240.0, 90.0, 30.0, 60.0, 40.0, 30.0
G1, 80.0, 100.0, 30.0, 60.0, 40.0, 30.0
G1, 140.0, 100.0, 30.0, 60.0, 40.0, 30.0
G1, 310.0, 120.0, 30.0, 60.0, 40.0, 30.0
G5, 200.0, 100.0, 0.0, 40.0, 40.0, 60.0
G2, 370.0, 175.0, 25.0, 50.0, 35.0, 25.0
G4, 80.0, 140.0, 50.0, 80.0, 60.0, 50.0
G2, 310.0, 160.0, 30.0, 50.0, 35.0, 25.0
G1, 240.0, 0.0, 40.0, 60.0, 40.0, 30.0
G4, 0.0, 40.0, 100.0, 80.0, 60.0, 50.0
G4, 80.0, 40.0, 100.0, 80.0, 60.0, 50.0
G2, 240.0, 130.0, 40.0, 50.0, 35.0, 25.0
G1, 0.0, 160.0, 40.0, 60.0, 40.0, 30.0
G1, 0.0, 0.0, 60.0, 60.0, 40.0, 30.0
G2, 60.0, 0.0, 50.0, 50.0, 35.0, 25.0
G5, 110.0, 0.0, 60.0, 40.0, 40.0, 60.0
G1, 310.0, 0.0, 60.0, 60.0, 40.0, 30.0
G2, 190.0, 0.0, 50.0, 50.0, 35.0, 25.0
G5, 150.0, 0.0, 60.0, 40.0, 40.0, 60.0
G4, 0.0, 100.0, 100.0, 80.0, 60.0, 50.0
G1, 310.0, 40.0, 60.0, 60.0, 40.0, 30.0
G1, 240.0, 50.0, 60.0, 60.0, 40.0, 30.0
G4, 80.0, 140.0, 100.0, 80.0, 60.0, 50.0
G2, 370.0, 0.0, 50.0, 50.0, 35.0, 25.0
G4, 0.0, 40.0, 150.0, 80.0, 60.0, 50.0
G1, 310.0, 80.0, 60.0, 60.0, 40.0, 30.0
G1, 240.0, 90.0, 60.0, 60.0, 40.0, 30.0
G1, 80.0, 100.0, 60.0, 60.0, 40.0, 30.0
G5, 190.0, 35.0, 60.0, 40.0, 40.0, 60.0
G4, 80.0, 140.0, 150.0, 80.0, 60.0, 50.0
G5, 140.0, 100.0, 60.0, 40.0, 40.0, 60.0
G2, 370.0, 35.0, 50.0, 50.0, 35.0, 25.0
G2, 370.0, 70.0, 50.0, 50.0, 35.0, 25.0
G1, 310.0, 120.0, 60.0, 60.0, 40.0, 30.0
G1, 240.0, 0.0, 70.0, 60.0, 40.0, 30.0
G1, 0.0, 160.0, 70.0, 60.0, 40.0, 30.0
G5, 200.0, 100.0, 60.0, 40.0, 40.0, 60.0
G1, 0.0, 0.0, 90.0, 60.0, 40.0, 30.0
G1, 310.0, 0.0, 90.0, 60.0, 40.0, 30.0
G2, 370.0, 105.0, 50.0, 50.0, 35.0, 25.0
G2, 160.0, 140.0, 50.0, 50.0, 35.0, 25.0
G2, 370.0, 140.0, 50.0, 50.0, 35.0, 25.0
G5, 310.0, 40.0, 90.0, 40.0, 40.0, 60.0
G1, 240.0, 50.0, 90.0, 60.0, 40.0, 30.0
G2, 160.0, 175.0, 50.0, 50.0, 35.0, 25.0
G5, 310.0, 80.0, 90.0, 40.0, 40.0, 60.0
G2, 370.0, 175.0, 50.0, 50.0, 35.0, 25.0
G1, 240.0, 90.0, 90.0, 60.0, 40.0, 30.0
G1, 310.0, 120.0, 90.0, 60.0, 40.0, 30.0
G1, 240.0, 0.0, 100.0, 60.0, 40.0, 30.0
G5, 0.0, 160.0, 100.0, 40.0, 40.0, 60.0
G2, 310.0, 160.0, 55.0, 50.0, 35.0, 25.0
G1, 0.0, 0.0, 120.0, 60.0, 40.0, 30.0
G5, 110.0, 0.0, 120.0, 40.0, 40.0, 60.0
G2, 240.0, 130.0, 65.0, 50.0, 35.0, 25.0
G2, 60.0, 0.0, 75.0, 50.0, 35.0, 25.0
G2, 190.0, 0.0, 75.0, 50.0, 35.0, 25.0
G5, 310.0, 0.0, 120.0, 40.0, 40.0, 60.0
G2, 370.0, 0.0, 75.0, 50.0, 35.0, 25.0
G2, 370.0, 35.0, 75.0, 50.0, 35.0, 25.0
G2, 370.0, 70.0, 75.0, 50.0, 35.0, 25.0
G2, 370.0, 105.0, 75.0, 50.0, 35.0, 25.0
G2, 160.0, 140.0, 75.0, 50.0, 35.0, 25.0
G2, 370.0, 140.0, 75.0, 50.0, 35.0, 25.0
G2, 160.0, 175.0, 75.0, 50.0, 35.0, 25.0
G1, 240.0, 50.0, 120.0, 60.0, 40.0, 30.0
G2, 370.0, 175.0, 75.0, 50.0, 35.0, 25.0
G1, 240.0, 90.0, 120.0, 60.0, 40.0, 30.0
G1, 310.0, 120.0, 120.0, 60.0, 40.0, 30.0
G2, 310.0, 160.0, 80.0, 50.0, 35.0, 25.0
G2, 240.0, 130.0, 90.0, 50.0, 35.0, 25.0
G1, 240.0, 0.0, 130.0, 60.0, 40.0, 30.0
G1, 0.0, 0.0, 150.0, 60.0, 40.0, 30.0
G1, 80.0, 40.0, 150.0, 60.0, 40.0, 30.0
G1, 240.0, 50.0, 150.0, 60.0, 40.0, 30.0
G2, 60.0, 0.0, 100.0, 50.0, 35.0, 25.0
G2, 190.0, 0.0, 100.0, 50.0, 35.0, 25.0
G1, 240.0, 90.0, 150.0, 60.0, 40.0, 30.0
G2, 370.0, 0.0, 100.0, 50.0, 35.0, 25.0
G5, 310.0, 40.0, 150.0, 40.0, 40.0, 60.0
G5, 310.0, 80.0, 150.0, 40.0, 40.0, 60.0
G2, 370.0, 35.0, 100.0, 50.0, 35.0, 25.0
G2, 370.0, 70.0, 100.0, 50.0, 35.0, 25.0
G2, 370.0, 105.0, 100.0, 50.0, 35.0, 25.0
G1, 0.0, 100.0, 150.0, 60.0, 40.0, 30.0
G5, 310.0, 120.0, 150.0, 40.0, 40.0, 60.0
G2, 160.0, 140.0, 100.0, 50.0, 35.0, 25.0
G1, 240.0, 0.0, 160.0, 60.0, 40.0, 30.0
G2, 370.0, 140.0, 100.0, 50.0, 35.0, 25.0
G2, 160.0, 175.0, 100.0, 50.0, 35.0, 25.0
G1, 0.0, 0.0, 180.0, 60.0, 40.0, 30.0
G1, 80.0, 40.0, 180.0, 60.0, 40.0, 30.0
G2, 370.0, 175.0, 100.0, 50.0, 35.0, 25.0
G2, 310.0, 160.0, 105.0, 50.0, 35.0, 25.0
G2, 60.0, 0.0, 125.0, 50.0, 35.0, 25.0
G1, 240.0, 50.0, 180.0, 60.0, 40.0, 30.0
G2, 190.0, 0.0, 125.0, 50.0, 35.0, 25.0
G2, 370.0, 0.0, 125.0, 50.0, 35.0, 25.0
G1, 0.0, 100.0, 180.0, 60.0, 40.0, 30.0
G1, 240.0, 180.0, 0.0, 60.0, 30.0, 40.0
G2, 370.0, 35.0, 125.0, 50.0, 35.0, 25.0
G1, 240.0, 180.0, 40.0, 60.0, 30.0, 40.0
G2, 370.0, 70.0, 125.0, 50.0, 35.0, 25.0
G2, 370.0, 105.0, 125.0, 50.0, 35.0, 25.0
G1, 240.0, 180.0, 80.0, 60.0, 30.0, 40.0
G2, 160.0, 140.0, 125.0, 50.0, 35.0, 25.0
G1, 240.0, 180.0, 120.0, 60.0, 30.0, 40.0
G2, 370.0, 175.0, 125.0, 50.0, 35.0, 25.0
G1, 240.0, 180.0, 160.0, 60.0, 30.0, 40.0
G2, 310.0, 160.0, 130.0, 50.0, 35.0, 25.0
G2, 60.0, 0.0, 150.0, 50.0, 35.0, 25.0
G2, 370.0, 70.0, 150.0, 50.0, 35.0, 25.0
G2, 370.0, 175.0, 150.0, 50.0, 35.0, 25.0
G1, 140.0, 100.0, 120.0, 40.0, 30.0, 60.0
G2, 370.0, 175.0, 175.0, 50.0, 35.0, 25.0
G2, 240.0, 90.0, 180.0, 50.0, 35.0, 25.0
G1, 160.0, 40.0, 0.0, 30.0, 60.0, 40.0
G1, 210.0, 140.0, 0.0, 30.0, 60.0, 40.0
G1, 160.0, 40.0, 40.0, 30.0, 60.0, 40.0
G1, 210.0, 140.0, 40.0, 30.0, 60.0, 40.0
G2, 240.0, 0.0, 190.0, 50.0, 35.0, 25.0
G2, 190.0, 0.0, 150.0, 50.0, 25.0, 35.0
G2, 370.0, 0.0, 150.0, 50.0, 25.0, 35.0
G2, 190.0, 75.0, 0.0, 35.0, 25.0, 50.0
G1, 160.0, 40.0, 80.0, 30.0, 60.0, 40.0
G2, 190.0, 75.0, 50.0, 35.0, 25.0, 50.0
G2, 190.0, 75.0, 100.0, 35.0, 25.0, 50.0
G2, 150.0, 0.0, 120.0, 35.0, 25.0, 50.0
G2, 200.0, 100.0, 120.0, 35.0, 25.0, 50.0
G1, 210.0, 140.0, 80.0, 30.0, 60.0, 40.0
G1, 160.0, 40.0, 120.0, 30.0, 60.0, 40.0
G2, 0.0, 160.0, 160.0, 35.0, 25.0, 50.0
G2, 160.0, 40.0, 160.0, 25.0, 50.0, 35.0

第9辆车，装载182件，容积利用率 66.00%，重量利用率 34.90%
货物ID, x(cm), y(cm), z(cm), l(cm), w(cm), h(cm)
G3, 0.0, 0.0, 0.0, 70.0, 50.0, 40.0
G1, 70.0, 0.0, 0.0, 60.0, 40.0, 30.0
G5, 130.0, 0.0, 0.0, 40.0, 40.0, 60.0
G5, 170.0, 0.0, 0.0, 40.0, 40.0, 60.0
G1, 210.0, 0.0, 0.0, 60.0, 40.0, 30.0
G5, 270.0, 0.0, 0.0, 40.0, 40.0, 60.0
G1, 310.0, 0.0, 0.0, 60.0, 40.0, 30.0
G5, 370.0, 0.0, 0.0, 40.0, 40.0, 60.0
G2, 70.0, 40.0, 0.0, 50.0, 35.0, 25.0
G2, 120.0, 40.0, 0.0, 50.0, 35.0, 25.0
G2, 170.0, 40.0, 0.0, 50.0, 35.0, 25.0
G2, 220.0, 40.0, 0.0, 50.0, 35.0, 25.0
G5, 270.0, 40.0, 0.0, 40.0, 40.0, 60.0
G2, 310.0, 40.0, 0.0, 50.0, 35.0, 25.0
G3, 0.0, 50.0, 0.0, 70.0, 50.0, 40.0
G1, 360.0, 40.0, 0.0, 60.0, 40.0, 30.0
G1, 70.0, 75.0, 0.0, 60.0, 40.0, 30.0
G4, 130.0, 75.0, 0.0, 80.0, 60.0, 50.0
G5, 210.0, 75.0, 0.0, 40.0, 40.0, 60.0
G2, 310.0, 75.0, 0.0, 50.0, 35.0, 25.0
G2, 360.0, 80.0, 0.0, 50.0, 35.0, 25.0
G4, 210.0, 115.0, 0.0, 80.0, 60.0, 50.0
G2, 0.0, 100.0, 0.0, 50.0, 35.0, 25.0
G3, 290.0, 115.0, 0.0, 70.0, 50.0, 40.0
G2, 70.0, 115.0, 0.0, 50.0, 35.0, 25.0
G2, 360.0, 115.0, 0.0, 50.0, 35.0, 25.0
G2, 0.0, 135.0, 0.0, 50.0, 35.0, 25.0
G1, 130.0, 135.0, 0.0, 60.0, 40.0, 30.0
G2, 70.0, 150.0, 0.0, 50.0, 35.0, 25.0
G3, 290.0, 165.0, 0.0, 70.0, 40.0, 50.0
G1, 360.0, 150.0, 0.0, 60.0, 40.0, 30.0
G2, 0.0, 170.0, 0.0, 50.0, 35.0, 25.0
G5, 70.0, 0.0, 30.0, 40.0, 40.0, 60.0
G2, 130.0, 175.0, 0.0, 50.0, 35.0, 25.0
G1, 210.0, 0.0, 30.0, 60.0, 40.0, 30.0
G2, 180.0, 175.0, 0.0, 50.0, 35.0, 25.0
G1, 310.0, 0.0, 30.0, 60.0, 40.0, 30.0
G1, 360.0, 40.0, 30.0, 60.0, 40.0, 30.0
G4, 130.0, 75.0, 50.0, 80.0, 60.0, 50.0
G5, 70.0, 75.0, 30.0, 40.0, 40.0, 60.0
G1, 130.0, 135.0, 30.0, 60.0, 40.0, 30.0
G2, 230.0, 175.0, 0.0, 50.0, 35.0, 25.0
G2, 70.0, 40.0, 25.0, 50.0, 35.0, 25.0
G2, 120.0, 40.0, 25.0, 50.0, 35.0, 25.0
G4, 210.0, 115.0, 50.0, 80.0, 60.0, 50.0
G4, 130.0, 75.0, 100.0, 80.0, 60.0, 50.0
G2, 170.0, 40.0, 25.0, 50.0, 35.0, 25.0
G5, 360.0, 150.0, 30.0, 40.0, 40.0, 60.0
G2, 220.0, 40.0, 25.0, 50.0, 35.0, 25.0
G1, 0.0, 0.0, 40.0, 60.0, 40.0, 30.0
G1, 0.0, 50.0, 40.0, 60.0, 40.0, 30.0
G5, 290.0, 115.0, 40.0, 40.0, 40.0, 60.0
G1, 290.0, 165.0, 50.0, 60.0, 40.0, 30.0
G5, 130.0, 0.0, 60.0, 40.0, 40.0, 60.0
G2, 310.0, 40.0, 25.0, 50.0, 35.0, 25.0
G2, 310.0, 75.0, 25.0, 50.0, 35.0, 25.0
G5, 170.0, 0.0, 60.0, 40.0, 40.0, 60.0
G1, 210.0, 0.0, 60.0, 60.0, 40.0, 30.0
G2, 360.0, 80.0, 25.0, 50.0, 35.0, 25.0
G1, 310.0, 0.0, 60.0, 60.0, 40.0, 30.0
G4, 210.0, 115.0, 100.0, 80.0, 60.0, 50.0
G1, 360.0, 40.0, 60.0, 60.0, 40.0, 30.0
G4, 130.0, 75.0, 150.0, 80.0, 60.0, 50.0
G5, 270.0, 0.0, 60.0, 40.0, 40.0, 60.0
G1, 130.0, 135.0, 60.0, 60.0, 40.0, 30.0
G5, 370.0, 0.0, 60.0, 40.0, 40.0, 60.0
G5, 270.0, 40.0, 60.0, 40.0, 40.0, 60.0
G2, 0.0, 100.0, 25.0, 50.0, 35.0, 25.0
G1, 0.0, 0.0, 70.0, 60.0, 40.0, 30.0
G1, 0.0, 50.0, 70.0, 60.0, 40.0, 30.0
G2, 70.0, 115.0, 25.0, 50.0, 35.0, 25.0
G4, 210.0, 115.0, 150.0, 80.0, 60.0, 50.0
G1, 290.0, 165.0, 80.0, 60.0, 40.0, 30.0
G1, 210.0, 0.0, 90.0, 60.0, 40.0, 30.0
G5, 210.0, 75.0, 60.0, 40.0, 40.0, 60.0
G2, 360.0, 115.0, 25.0, 50.0, 35.0, 25.0
G5, 70.0, 0.0, 90.0, 40.0, 40.0, 60.0
G5, 360.0, 40.0, 90.0, 40.0, 40.0, 60.0
G2, 0.0, 135.0, 25.0, 50.0, 35.0, 25.0
G2, 70.0, 150.0, 25.0, 50.0, 35.0, 25.0
G1, 310.0, 0.0, 90.0, 60.0, 40.0, 30.0
G2, 0.0, 170.0, 25.0, 50.0, 35.0, 25.0
G1, 130.0, 135.0, 90.0, 60.0, 40.0, 30.0
G2, 130.0, 175.0, 25.0, 50.0, 35.0, 25.0
G1, 0.0, 0.0, 100.0, 60.0, 40.0, 30.0
G2, 180.0, 175.0, 25.0, 50.0, 35.0, 25.0
G5, 70.0, 75.0, 90.0, 40.0, 40.0, 60.0
G1, 0.0, 50.0, 100.0, 60.0, 40.0, 30.0
G2, 230.0, 175.0, 25.0, 50.0, 35.0, 25.0
G2, 70.0, 40.0, 50.0, 50.0, 35.0, 25.0
G2, 120.0, 40.0, 50.0, 50.0, 35.0, 25.0
G1, 290.0, 165.0, 110.0, 60.0, 40.0, 30.0
G1, 130.0, 135.0, 120.0, 60.0, 40.0, 30.0
G2, 170.0, 40.0, 50.0, 50.0, 35.0, 25.0
G2, 310.0, 75.0, 50.0, 50.0, 35.0, 25.0
G1, 0.0, 0.0, 130.0, 60.0, 40.0, 30.0
G2, 360.0, 80.0, 50.0, 50.0, 35.0, 25.0
G2, 0.0, 100.0, 50.0, 50.0, 35.0, 25.0
G5, 360.0, 150.0, 90.0, 40.0, 40.0, 60.0
G2, 70.0, 115.0, 50.0, 50.0, 35.0, 25.0
G1, 0.0, 50.0, 130.0, 60.0, 40.0, 30.0
G2, 360.0, 115.0, 50.0, 50.0, 35.0, 25.0
G2, 0.0, 135.0, 50.0, 50.0, 35.0, 25.0
G2, 70.0, 150.0, 50.0, 50.0, 35.0, 25.0
G2, 0.0, 170.0, 50.0, 50.0, 35.0, 25.0
G1, 290.0, 165.0, 140.0, 60.0, 40.0, 30.0
G2, 130.0, 175.0, 50.0, 50.0, 35.0, 25.0
G2, 180.0, 175.0, 50.0, 50.0, 35.0, 25.0
G5, 290.0, 115.0, 100.0, 40.0, 40.0, 60.0
G2, 230.0, 175.0, 50.0, 50.0, 35.0, 25.0
G5, 210.0, 0.0, 120.0, 40.0, 40.0, 60.0
G5, 70.0, 0.0, 150.0, 40.0, 40.0, 60.0
G1, 130.0, 135.0, 150.0, 60.0, 40.0, 30.0
G5, 70.0, 75.0, 150.0, 40.0, 40.0, 60.0
G2, 70.0, 40.0, 75.0, 50.0, 35.0, 25.0
G5, 360.0, 150.0, 150.0, 40.0, 40.0, 60.0
G2, 310.0, 75.0, 75.0, 50.0, 35.0, 25.0
G2, 360.0, 80.0, 75.0, 50.0, 35.0, 25.0
G1, 0.0, 0.0, 160.0, 60.0, 40.0, 30.0
G1, 0.0, 50.0, 160.0, 60.0, 40.0, 30.0
G2, 0.0, 100.0, 75.0, 50.0, 35.0, 25.0
G1, 290.0, 165.0, 170.0, 60.0, 40.0, 30.0
G1, 130.0, 135.0, 180.0, 60.0, 40.0, 30.0
G2, 70.0, 115.0, 75.0, 50.0, 35.0, 25.0
G2, 360.0, 115.0, 75.0, 50.0, 35.0, 25.0
G2, 0.0, 135.0, 75.0, 50.0, 35.0, 25.0
G1, 310.0, 0.0, 120.0, 60.0, 30.0, 40.0
G2, 70.0, 150.0, 75.0, 50.0, 35.0, 25.0
G2, 0.0, 170.0, 75.0, 50.0, 35.0, 25.0
G1, 310.0, 0.0, 160.0, 60.0, 30.0, 40.0
G2, 130.0, 175.0, 75.0, 50.0, 35.0, 25.0
G1, 270.0, 80.0, 0.0, 40.0, 30.0, 60.0
G1, 220.0, 40.0, 50.0, 40.0, 30.0, 60.0
G2, 180.0, 175.0, 75.0, 50.0, 35.0, 25.0
G1, 270.0, 80.0, 60.0, 40.0, 30.0, 60.0
G2, 230.0, 175.0, 75.0, 50.0, 35.0, 25.0
G1, 120.0, 40.0, 75.0, 40.0, 30.0, 60.0
G1, 70.0, 40.0, 100.0, 40.0, 30.0, 60.0
G1, 310.0, 75.0, 100.0, 40.0, 30.0, 60.0
G2, 360.0, 80.0, 100.0, 50.0, 35.0, 25.0
G2, 0.0, 100.0, 100.0, 50.0, 35.0, 25.0
G1, 70.0, 115.0, 100.0, 40.0, 30.0, 60.0
G2, 360.0, 115.0, 100.0, 50.0, 35.0, 25.0
G1, 0.0, 135.0, 100.0, 40.0, 30.0, 60.0
G1, 70.0, 150.0, 100.0, 40.0, 30.0, 60.0
G2, 0.0, 170.0, 100.0, 50.0, 35.0, 25.0
G2, 130.0, 175.0, 100.0, 50.0, 35.0, 25.0
G1, 230.0, 175.0, 100.0, 40.0, 30.0, 60.0
G1, 220.0, 40.0, 110.0, 40.0, 30.0, 60.0
G2, 360.0, 80.0, 125.0, 50.0, 35.0, 25.0
G1, 130.0, 0.0, 120.0, 40.0, 30.0, 60.0
G2, 0.0, 100.0, 125.0, 50.0, 35.0, 25.0
G2, 360.0, 115.0, 125.0, 50.0, 35.0, 25.0
G2, 0.0, 170.0, 125.0, 50.0, 35.0, 25.0
G1, 170.0, 0.0, 120.0, 40.0, 30.0, 60.0
G2, 0.0, 100.0, 150.0, 50.0, 35.0, 25.0
G2, 0.0, 170.0, 150.0, 50.0, 35.0, 25.0
G2, 0.0, 100.0, 175.0, 50.0, 35.0, 25.0
G2, 0.0, 170.0, 175.0, 50.0, 35.0, 25.0
G1, 270.0, 0.0, 120.0, 40.0, 30.0, 60.0
G2, 0.0, 0.0, 190.0, 50.0, 35.0, 25.0
G1, 370.0, 0.0, 120.0, 40.0, 30.0, 60.0
G2, 0.0, 50.0, 190.0, 50.0, 35.0, 25.0
G2, 70.0, 185.0, 0.0, 50.0, 25.0, 35.0
G2, 70.0, 185.0, 35.0, 50.0, 25.0, 35.0
G2, 70.0, 185.0, 70.0, 50.0, 25.0, 35.0
G1, 210.0, 75.0, 120.0, 40.0, 30.0, 60.0
G1, 130.0, 175.0, 125.0, 40.0, 30.0, 60.0
G1, 120.0, 40.0, 135.0, 40.0, 30.0, 60.0
G2, 70.0, 185.0, 105.0, 50.0, 25.0, 35.0
G2, 70.0, 185.0, 140.0, 50.0, 25.0, 35.0
G2, 70.0, 185.0, 175.0, 50.0, 25.0, 35.0
G2, 270.0, 80.0, 120.0, 35.0, 25.0, 50.0
G2, 310.0, 75.0, 160.0, 35.0, 25.0, 50.0
G2, 70.0, 115.0, 160.0, 35.0, 25.0, 50.0
G2, 0.0, 135.0, 160.0, 35.0, 25.0, 50.0
G2, 70.0, 150.0, 160.0, 35.0, 25.0, 50.0
G2, 230.0, 175.0, 160.0, 35.0, 25.0, 50.0
G2, 330.0, 115.0, 40.0, 25.0, 50.0, 35.0
G2, 330.0, 115.0, 75.0, 25.0, 50.0, 35.0
G2, 330.0, 115.0, 110.0, 25.0, 50.0, 35.0
G2, 330.0, 115.0, 145.0, 25.0, 50.0, 35.0

第10辆车，装载173件，容积利用率 67.39%，重量利用率 34.33%
货物ID, x(cm), y(cm), z(cm), l(cm), w(cm), h(cm)
G1, 0.0, 0.0, 0.0, 60.0, 40.0, 30.0
G2, 60.0, 0.0, 0.0, 50.0, 35.0, 25.0
G1, 110.0, 0.0, 0.0, 60.0, 40.0, 30.0
G5, 170.0, 0.0, 0.0, 40.0, 40.0, 60.0
G2, 210.0, 0.0, 0.0, 50.0, 35.0, 25.0
G5, 260.0, 0.0, 0.0, 40.0, 40.0, 60.0
G5, 300.0, 0.0, 0.0, 40.0, 40.0, 60.0
G2, 340.0, 0.0, 0.0, 50.0, 35.0, 25.0
G3, 340.0, 35.0, 0.0, 70.0, 50.0, 40.0
G1, 0.0, 40.0, 0.0, 60.0, 40.0, 30.0
G4, 60.0, 40.0, 0.0, 80.0, 60.0, 50.0
G1, 140.0, 40.0, 0.0, 60.0, 40.0, 30.0
G1, 200.0, 40.0, 0.0, 60.0, 40.0, 30.0
G2, 260.0, 40.0, 0.0, 50.0, 35.0, 25.0
G5, 260.0, 75.0, 0.0, 40.0, 40.0, 60.0
G1, 0.0, 80.0, 0.0, 60.0, 40.0, 30.0
G1, 140.0, 80.0, 0.0, 60.0, 40.0, 30.0
G2, 200.0, 80.0, 0.0, 50.0, 35.0, 25.0
G1, 340.0, 85.0, 0.0, 60.0, 40.0, 30.0
G5, 300.0, 75.0, 0.0, 40.0, 40.0, 60.0
G4, 60.0, 100.0, 0.0, 80.0, 60.0, 50.0
G5, 200.0, 115.0, 0.0, 40.0, 40.0, 60.0
G3, 240.0, 115.0, 0.0, 70.0, 50.0, 40.0
G4, 340.0, 125.0, 0.0, 80.0, 60.0, 50.0
G1, 0.0, 120.0, 0.0, 60.0, 40.0, 30.0
G2, 140.0, 120.0, 0.0, 50.0, 35.0, 25.0
G3, 140.0, 155.0, 0.0, 70.0, 50.0, 40.0
G3, 0.0, 160.0, 0.0, 70.0, 50.0, 40.0
G5, 70.0, 160.0, 0.0, 40.0, 40.0, 60.0
G4, 60.0, 40.0, 50.0, 80.0, 60.0, 50.0
G2, 240.0, 165.0, 0.0, 50.0, 35.0, 25.0
G5, 290.0, 165.0, 0.0, 40.0, 40.0, 60.0
G1, 0.0, 0.0, 30.0, 60.0, 40.0, 30.0
G1, 110.0, 0.0, 30.0, 60.0, 40.0, 30.0
G1, 0.0, 40.0, 30.0, 60.0, 40.0, 30.0
G4, 60.0, 100.0, 50.0, 80.0, 60.0, 50.0
G4, 340.0, 125.0, 50.0, 80.0, 60.0, 50.0
G2, 60.0, 0.0, 25.0, 50.0, 35.0, 25.0
G4, 60.0, 40.0, 100.0, 80.0, 60.0, 50.0
G5, 140.0, 40.0, 30.0, 40.0, 40.0, 60.0
G5, 200.0, 40.0, 30.0, 40.0, 40.0, 60.0
G4, 60.0, 100.0, 100.0, 80.0, 60.0, 50.0
G5, 0.0, 80.0, 30.0, 40.0, 40.0, 60.0
G4, 340.0, 125.0, 100.0, 80.0, 60.0, 50.0
G5, 140.0, 80.0, 30.0, 40.0, 40.0, 60.0
G1, 340.0, 85.0, 30.0, 60.0, 40.0, 30.0
G1, 0.0, 120.0, 30.0, 60.0, 40.0, 30.0
G4, 60.0, 40.0, 150.0, 80.0, 60.0, 50.0
G5, 340.0, 35.0, 40.0, 40.0, 40.0, 60.0
G2, 210.0, 0.0, 25.0, 50.0, 35.0, 25.0
G4, 60.0, 100.0, 150.0, 80.0, 60.0, 50.0
G4, 340.0, 125.0, 150.0, 80.0, 60.0, 50.0
G2, 340.0, 0.0, 25.0, 50.0, 35.0, 25.0
G1, 240.0, 115.0, 40.0, 60.0, 40.0, 30.0
G2, 260.0, 40.0, 25.0, 50.0, 35.0, 25.0
G1, 140.0, 155.0, 40.0, 60.0, 40.0, 30.0
G2, 200.0, 80.0, 25.0, 50.0, 35.0, 25.0
G1, 0.0, 160.0, 40.0, 60.0, 40.0, 30.0
G1, 0.0, 0.0, 60.0, 60.0, 40.0, 30.0
G1, 110.0, 0.0, 60.0, 60.0, 40.0, 30.0
G2, 140.0, 120.0, 25.0, 50.0, 35.0, 25.0
G2, 240.0, 165.0, 25.0, 50.0, 35.0, 25.0
G5, 170.0, 0.0, 60.0, 40.0, 40.0, 60.0
G1, 0.0, 40.0, 60.0, 60.0, 40.0, 30.0
G5, 260.0, 0.0, 60.0, 40.0, 40.0, 60.0
G1, 340.0, 85.0, 60.0, 60.0, 40.0, 30.0
G5, 300.0, 0.0, 60.0, 40.0, 40.0, 60.0
G1, 0.0, 120.0, 60.0, 60.0, 40.0, 30.0
G2, 60.0, 0.0, 50.0, 50.0, 35.0, 25.0
G2, 210.0, 0.0, 50.0, 50.0, 35.0, 25.0
G2, 340.0, 0.0, 50.0, 50.0, 35.0, 25.0
G2, 260.0, 40.0, 50.0, 50.0, 35.0, 25.0
G2, 200.0, 80.0, 50.0, 50.0, 35.0, 25.0
G2, 140.0, 120.0, 50.0, 50.0, 35.0, 25.0
G2, 240.0, 165.0, 50.0, 50.0, 35.0, 25.0
G2, 240.0, 115.0, 70.0, 50.0, 35.0, 25.0
G1, 140.0, 155.0, 70.0, 60.0, 40.0, 30.0
G2, 0.0, 160.0, 70.0, 50.0, 35.0, 25.0
G2, 60.0, 0.0, 75.0, 50.0, 35.0, 25.0
G2, 210.0, 0.0, 75.0, 50.0, 35.0, 25.0
G1, 0.0, 0.0, 90.0, 60.0, 40.0, 30.0
G1, 110.0, 0.0, 90.0, 60.0, 40.0, 30.0
G2, 340.0, 0.0, 75.0, 50.0, 35.0, 25.0
G1, 0.0, 40.0, 90.0, 60.0, 40.0, 30.0
G2, 260.0, 40.0, 75.0, 50.0, 35.0, 25.0
G2, 200.0, 80.0, 75.0, 50.0, 35.0, 25.0
G1, 340.0, 85.0, 90.0, 60.0, 40.0, 30.0
G1, 0.0, 120.0, 90.0, 60.0, 40.0, 30.0
G1, 140.0, 155.0, 100.0, 60.0, 40.0, 30.0
G1, 0.0, 0.0, 120.0, 60.0, 40.0, 30.0
G1, 110.0, 0.0, 120.0, 60.0, 40.0, 30.0
G1, 340.0, 85.0, 120.0, 60.0, 40.0, 30.0
G1, 0.0, 120.0, 120.0, 60.0, 40.0, 30.0
G1, 140.0, 155.0, 130.0, 60.0, 40.0, 30.0
G2, 140.0, 120.0, 75.0, 50.0, 35.0, 25.0
G2, 240.0, 165.0, 75.0, 50.0, 35.0, 25.0
G2, 240.0, 115.0, 95.0, 50.0, 35.0, 25.0
G2, 0.0, 160.0, 95.0, 50.0, 35.0, 25.0
G2, 60.0, 0.0, 100.0, 50.0, 35.0, 25.0
G5, 260.0, 75.0, 60.0, 40.0, 40.0, 60.0
G1, 110.0, 0.0, 150.0, 60.0, 40.0, 30.0
G1, 340.0, 85.0, 150.0, 60.0, 40.0, 30.0
G2, 210.0, 0.0, 100.0, 50.0, 35.0, 25.0
G1, 0.0, 120.0, 150.0, 60.0, 40.0, 30.0
G2, 340.0, 0.0, 100.0, 50.0, 35.0, 25.0
G2, 260.0, 40.0, 100.0, 50.0, 35.0, 25.0
G2, 200.0, 80.0, 100.0, 50.0, 35.0, 25.0
G5, 300.0, 75.0, 60.0, 40.0, 40.0, 60.0
G1, 140.0, 155.0, 160.0, 60.0, 40.0, 30.0
G2, 240.0, 165.0, 100.0, 50.0, 35.0, 25.0
G2, 0.0, 40.0, 120.0, 50.0, 35.0, 25.0
G1, 340.0, 85.0, 180.0, 60.0, 40.0, 30.0
G5, 200.0, 115.0, 60.0, 40.0, 40.0, 60.0
G2, 240.0, 115.0, 120.0, 50.0, 35.0, 25.0
G1, 0.0, 120.0, 180.0, 60.0, 40.0, 30.0
G1, 0.0, 0.0, 150.0, 60.0, 30.0, 40.0
G2, 0.0, 160.0, 120.0, 50.0, 35.0, 25.0
G2, 60.0, 0.0, 125.0, 50.0, 35.0, 25.0
G2, 210.0, 0.0, 125.0, 50.0, 35.0, 25.0
G2, 340.0, 0.0, 125.0, 50.0, 35.0, 25.0
G1, 70.0, 160.0, 60.0, 40.0, 30.0, 60.0
G1, 290.0, 165.0, 60.0, 40.0, 30.0, 60.0
G2, 260.0, 40.0, 125.0, 50.0, 35.0, 25.0
G5, 200.0, 40.0, 90.0, 40.0, 40.0, 60.0
G2, 200.0, 80.0, 125.0, 50.0, 35.0, 25.0
G1, 0.0, 80.0, 90.0, 40.0, 30.0, 60.0
G1, 140.0, 80.0, 90.0, 40.0, 30.0, 60.0
G2, 240.0, 165.0, 125.0, 50.0, 35.0, 25.0
G2, 0.0, 40.0, 145.0, 50.0, 35.0, 25.0
G1, 170.0, 0.0, 120.0, 40.0, 30.0, 60.0
G2, 0.0, 160.0, 145.0, 50.0, 35.0, 25.0
G1, 260.0, 0.0, 120.0, 40.0, 30.0, 60.0
G1, 70.0, 160.0, 120.0, 40.0, 30.0, 60.0
G1, 290.0, 165.0, 120.0, 40.0, 30.0, 60.0
G2, 60.0, 0.0, 150.0, 50.0, 35.0, 25.0
G2, 210.0, 0.0, 150.0, 50.0, 35.0, 25.0
G2, 340.0, 0.0, 150.0, 50.0, 35.0, 25.0
G1, 200.0, 40.0, 150.0, 40.0, 30.0, 60.0
G2, 240.0, 165.0, 150.0, 50.0, 35.0, 25.0
G2, 0.0, 40.0, 170.0, 50.0, 35.0, 25.0
G2, 0.0, 160.0, 170.0, 50.0, 35.0, 25.0
G1, 0.0, 80.0, 150.0, 40.0, 30.0, 60.0
G2, 60.0, 0.0, 175.0, 50.0, 35.0, 25.0
G2, 210.0, 0.0, 175.0, 50.0, 35.0, 25.0
G2, 240.0, 165.0, 175.0, 50.0, 35.0, 25.0
G1, 310.0, 115.0, 0.0, 30.0, 40.0, 60.0
G2, 340.0, 185.0, 0.0, 50.0, 25.0, 35.0
G2, 340.0, 185.0, 35.0, 50.0, 25.0, 35.0
G2, 340.0, 185.0, 70.0, 50.0, 25.0, 35.0
G2, 140.0, 120.0, 100.0, 50.0, 25.0, 35.0
G2, 340.0, 185.0, 105.0, 50.0, 25.0, 35.0
G2, 140.0, 120.0, 135.0, 50.0, 25.0, 35.0
G1, 210.0, 155.0, 0.0, 30.0, 40.0, 60.0
G1, 110.0, 160.0, 0.0, 30.0, 40.0, 60.0
G1, 380.0, 35.0, 40.0, 30.0, 40.0, 60.0
G1, 210.0, 155.0, 60.0, 30.0, 40.0, 60.0
G1, 110.0, 160.0, 60.0, 30.0, 40.0, 60.0
G2, 340.0, 185.0, 140.0, 50.0, 25.0, 35.0
G1, 380.0, 35.0, 100.0, 30.0, 40.0, 60.0
G1, 260.0, 75.0, 120.0, 30.0, 40.0, 60.0
G1, 200.0, 115.0, 120.0, 30.0, 40.0, 60.0
G2, 200.0, 80.0, 150.0, 50.0, 25.0, 35.0
G1, 210.0, 155.0, 120.0, 30.0, 40.0, 60.0
G2, 340.0, 0.0, 175.0, 50.0, 25.0, 35.0
G2, 340.0, 185.0, 175.0, 50.0, 25.0, 35.0
G2, 300.0, 0.0, 120.0, 35.0, 25.0, 50.0
G2, 260.0, 40.0, 150.0, 35.0, 25.0, 50.0
G2, 390.0, 0.0, 0.0, 25.0, 35.0, 50.0
G2, 310.0, 40.0, 0.0, 25.0, 35.0, 50.0
G2, 310.0, 40.0, 50.0, 25.0, 35.0, 50.0
G2, 310.0, 115.0, 60.0, 25.0, 35.0, 50.0
G2, 310.0, 115.0, 110.0, 25.0, 35.0, 50.0
G2, 310.0, 115.0, 160.0, 25.0, 35.0, 50.0

第11辆车，装载163件，容积利用率 69.92%，重量利用率 34.27%
货物ID, x(cm), y(cm), z(cm), l(cm), w(cm), h(cm)
G2, 0.0, 0.0, 0.0, 50.0, 35.0, 25.0
G2, 50.0, 0.0, 0.0, 50.0, 35.0, 25.0
G1, 100.0, 0.0, 0.0, 60.0, 40.0, 30.0
G3, 160.0, 0.0, 0.0, 70.0, 50.0, 40.0
G4, 230.0, 0.0, 0.0, 80.0, 60.0, 50.0
G4, 310.0, 0.0, 0.0, 80.0, 60.0, 50.0
G1, 0.0, 35.0, 0.0, 60.0, 40.0, 30.0
G1, 100.0, 40.0, 0.0, 60.0, 40.0, 30.0
G2, 160.0, 50.0, 0.0, 50.0, 35.0, 25.0
G3, 230.0, 60.0, 0.0, 70.0, 50.0, 40.0
G2, 300.0, 60.0, 0.0, 50.0, 35.0, 25.0
G5, 60.0, 35.0, 0.0, 40.0, 40.0, 60.0
G5, 350.0, 60.0, 0.0, 40.0, 40.0, 60.0
G4, 0.0, 75.0, 0.0, 80.0, 60.0, 50.0
G1, 100.0, 80.0, 0.0, 60.0, 40.0, 30.0
G4, 230.0, 110.0, 0.0, 80.0, 60.0, 50.0
G4, 310.0, 110.0, 0.0, 80.0, 60.0, 50.0
G3, 160.0, 85.0, 0.0, 70.0, 50.0, 40.0
G2, 100.0, 120.0, 0.0, 50.0, 35.0, 25.0
G3, 0.0, 135.0, 0.0, 70.0, 50.0, 40.0
G5, 160.0, 135.0, 0.0, 40.0, 40.0, 60.0
G1, 100.0, 155.0, 0.0, 60.0, 40.0, 30.0
G1, 230.0, 170.0, 0.0, 60.0, 40.0, 30.0
G1, 290.0, 170.0, 0.0, 60.0, 40.0, 30.0
G3, 350.0, 170.0, 0.0, 70.0, 40.0, 50.0
G1, 100.0, 0.0, 30.0, 60.0, 40.0, 30.0
G2, 160.0, 175.0, 0.0, 50.0, 35.0, 25.0
G4, 230.0, 0.0, 50.0, 80.0, 60.0, 50.0
G1, 0.0, 35.0, 30.0, 60.0, 40.0, 30.0
G2, 0.0, 0.0, 25.0, 50.0, 35.0, 25.0
G4, 310.0, 0.0, 50.0, 80.0, 60.0, 50.0
G2, 50.0, 0.0, 25.0, 50.0, 35.0, 25.0
G4, 0.0, 75.0, 50.0, 80.0, 60.0, 50.0
G2, 160.0, 50.0, 25.0, 50.0, 35.0, 25.0
G1, 100.0, 40.0, 30.0, 60.0, 40.0, 30.0
G4, 230.0, 110.0, 50.0, 80.0, 60.0, 50.0
G5, 100.0, 80.0, 30.0, 40.0, 40.0, 60.0
G2, 300.0, 60.0, 25.0, 50.0, 35.0, 25.0
G2, 100.0, 120.0, 25.0, 50.0, 35.0, 25.0
G5, 100.0, 155.0, 30.0, 40.0, 40.0, 60.0
G2, 160.0, 175.0, 25.0, 50.0, 35.0, 25.0
G5, 230.0, 170.0, 30.0, 40.0, 40.0, 60.0
G5, 290.0, 170.0, 30.0, 40.0, 40.0, 60.0
G1, 160.0, 0.0, 40.0, 60.0, 40.0, 30.0
G1, 230.0, 60.0, 40.0, 60.0, 40.0, 30.0
G1, 160.0, 85.0, 40.0, 60.0, 40.0, 30.0
G1, 0.0, 135.0, 40.0, 60.0, 40.0, 30.0
G4, 310.0, 110.0, 50.0, 80.0, 60.0, 50.0
G1, 350.0, 170.0, 50.0, 60.0, 40.0, 30.0
G2, 0.0, 0.0, 50.0, 50.0, 35.0, 25.0
G1, 100.0, 0.0, 60.0, 60.0, 40.0, 30.0
G2, 50.0, 0.0, 50.0, 50.0, 35.0, 25.0
G5, 0.0, 35.0, 60.0, 40.0, 40.0, 60.0
G1, 100.0, 40.0, 60.0, 60.0, 40.0, 30.0
G2, 160.0, 50.0, 50.0, 50.0, 35.0, 25.0
G1, 160.0, 0.0, 70.0, 60.0, 40.0, 30.0
G1, 230.0, 60.0, 70.0, 60.0, 40.0, 30.0
G4, 230.0, 0.0, 100.0, 80.0, 60.0, 50.0
G4, 310.0, 0.0, 100.0, 80.0, 60.0, 50.0
G2, 300.0, 60.0, 50.0, 50.0, 35.0, 25.0
G1, 160.0, 85.0, 70.0, 60.0, 40.0, 30.0
G2, 100.0, 120.0, 50.0, 50.0, 35.0, 25.0
G1, 0.0, 135.0, 70.0, 60.0, 40.0, 30.0
G1, 350.0, 170.0, 80.0, 60.0, 40.0, 30.0
G1, 100.0, 0.0, 90.0, 60.0, 40.0, 30.0
G1, 100.0, 40.0, 90.0, 60.0, 40.0, 30.0
G5, 60.0, 35.0, 60.0, 40.0, 40.0, 60.0
G5, 350.0, 60.0, 60.0, 40.0, 40.0, 60.0
G2, 160.0, 175.0, 50.0, 50.0, 35.0, 25.0
G1, 160.0, 0.0, 100.0, 60.0, 40.0, 30.0
G4, 0.0, 75.0, 100.0, 80.0, 60.0, 50.0
G2, 0.0, 0.0, 75.0, 50.0, 35.0, 25.0
G4, 230.0, 110.0, 100.0, 80.0, 60.0, 50.0
G1, 230.0, 60.0, 100.0, 60.0, 40.0, 30.0
G5, 160.0, 135.0, 60.0, 40.0, 40.0, 60.0
G2, 50.0, 0.0, 75.0, 50.0, 35.0, 25.0
G1, 160.0, 85.0, 100.0, 60.0, 40.0, 30.0
G2, 160.0, 50.0, 75.0, 50.0, 35.0, 25.0
G4, 310.0, 110.0, 100.0, 80.0, 60.0, 50.0
G2, 300.0, 60.0, 75.0, 50.0, 35.0, 25.0
G1, 0.0, 135.0, 100.0, 60.0, 40.0, 30.0
G2, 100.0, 120.0, 75.0, 50.0, 35.0, 25.0
G2, 160.0, 175.0, 75.0, 50.0, 35.0, 25.0
G1, 350.0, 170.0, 110.0, 60.0, 40.0, 30.0
G2, 0.0, 0.0, 100.0, 50.0, 35.0, 25.0
G2, 50.0, 0.0, 100.0, 50.0, 35.0, 25.0
G2, 160.0, 50.0, 100.0, 50.0, 35.0, 25.0
G1, 100.0, 0.0, 120.0, 60.0, 40.0, 30.0
G1, 160.0, 0.0, 130.0, 60.0, 40.0, 30.0
G2, 300.0, 60.0, 100.0, 50.0, 35.0, 25.0
G5, 100.0, 80.0, 90.0, 40.0, 40.0, 60.0
G5, 100.0, 155.0, 90.0, 40.0, 40.0, 60.0
G5, 230.0, 170.0, 90.0, 40.0, 40.0, 60.0
G1, 230.0, 60.0, 130.0, 60.0, 40.0, 30.0
G5, 290.0, 170.0, 90.0, 40.0, 40.0, 60.0
G2, 100.0, 120.0, 100.0, 50.0, 35.0, 25.0
G5, 0.0, 35.0, 120.0, 40.0, 40.0, 60.0
G2, 160.0, 175.0, 100.0, 50.0, 35.0, 25.0
G5, 160.0, 135.0, 120.0, 40.0, 40.0, 60.0
G1, 0.0, 135.0, 130.0, 60.0, 40.0, 30.0
G5, 350.0, 170.0, 140.0, 40.0, 40.0, 60.0
G2, 100.0, 40.0, 120.0, 50.0, 35.0, 25.0
G4, 230.0, 0.0, 150.0, 80.0, 60.0, 50.0
G1, 310.0, 0.0, 150.0, 60.0, 40.0, 30.0
G2, 0.0, 0.0, 125.0, 50.0, 35.0, 25.0
G4, 0.0, 75.0, 150.0, 80.0, 60.0, 50.0
G2, 300.0, 60.0, 125.0, 50.0, 35.0, 25.0
G2, 100.0, 120.0, 125.0, 50.0, 35.0, 25.0
G5, 100.0, 80.0, 150.0, 40.0, 40.0, 60.0
G1, 230.0, 110.0, 150.0, 60.0, 40.0, 30.0
G1, 310.0, 110.0, 150.0, 60.0, 40.0, 30.0
G2, 160.0, 175.0, 125.0, 50.0, 35.0, 25.0
G5, 100.0, 155.0, 150.0, 40.0, 40.0, 60.0
G1, 230.0, 60.0, 160.0, 60.0, 40.0, 30.0
G5, 230.0, 170.0, 150.0, 40.0, 40.0, 60.0
G2, 160.0, 85.0, 130.0, 50.0, 35.0, 25.0
G5, 290.0, 170.0, 150.0, 40.0, 40.0, 60.0
G2, 0.0, 0.0, 150.0, 50.0, 35.0, 25.0
G2, 100.0, 120.0, 150.0, 50.0, 35.0, 25.0
G1, 0.0, 135.0, 160.0, 60.0, 40.0, 30.0
G2, 160.0, 175.0, 150.0, 50.0, 35.0, 25.0
G2, 160.0, 0.0, 160.0, 50.0, 35.0, 25.0
G1, 310.0, 0.0, 180.0, 60.0, 40.0, 30.0
G1, 230.0, 110.0, 180.0, 60.0, 40.0, 30.0
G2, 160.0, 175.0, 175.0, 50.0, 35.0, 25.0
G1, 310.0, 110.0, 180.0, 60.0, 40.0, 30.0
G2, 160.0, 0.0, 185.0, 50.0, 35.0, 25.0
G1, 390.0, 0.0, 0.0, 30.0, 60.0, 40.0
G2, 230.0, 60.0, 190.0, 50.0, 35.0, 25.0
G2, 0.0, 135.0, 190.0, 50.0, 35.0, 25.0
G2, 0.0, 185.0, 0.0, 50.0, 25.0, 35.0
G1, 390.0, 60.0, 0.0, 30.0, 60.0, 40.0
G2, 50.0, 185.0, 0.0, 50.0, 25.0, 35.0
G1, 390.0, 0.0, 40.0, 30.0, 60.0, 40.0
G2, 0.0, 185.0, 35.0, 50.0, 25.0, 35.0
G2, 50.0, 185.0, 35.0, 50.0, 25.0, 35.0
G1, 390.0, 60.0, 40.0, 30.0, 60.0, 40.0
G2, 0.0, 185.0, 70.0, 50.0, 25.0, 35.0
G2, 50.0, 185.0, 70.0, 50.0, 25.0, 35.0
G1, 390.0, 0.0, 80.0, 30.0, 60.0, 40.0
G1, 390.0, 120.0, 0.0, 30.0, 40.0, 60.0
G1, 200.0, 135.0, 0.0, 30.0, 40.0, 60.0
G1, 390.0, 120.0, 60.0, 30.0, 40.0, 60.0
G1, 390.0, 0.0, 120.0, 30.0, 40.0, 60.0
G2, 0.0, 185.0, 105.0, 50.0, 25.0, 35.0
G2, 50.0, 185.0, 105.0, 50.0, 25.0, 35.0
G1, 60.0, 35.0, 120.0, 30.0, 40.0, 60.0
G1, 390.0, 120.0, 120.0, 30.0, 40.0, 60.0
G2, 50.0, 0.0, 125.0, 50.0, 25.0, 35.0
G2, 160.0, 50.0, 125.0, 50.0, 25.0, 35.0
G2, 0.0, 185.0, 140.0, 50.0, 25.0, 35.0
G2, 50.0, 185.0, 140.0, 50.0, 25.0, 35.0
G2, 100.0, 0.0, 150.0, 50.0, 25.0, 35.0
G2, 50.0, 0.0, 160.0, 50.0, 25.0, 35.0
G2, 160.0, 50.0, 160.0, 50.0, 25.0, 35.0
G2, 0.0, 185.0, 175.0, 50.0, 25.0, 35.0
G2, 50.0, 185.0, 175.0, 50.0, 25.0, 35.0
G2, 70.0, 135.0, 0.0, 25.0, 50.0, 35.0
G2, 70.0, 135.0, 35.0, 25.0, 50.0, 35.0
G2, 70.0, 135.0, 70.0, 25.0, 50.0, 35.0
G2, 70.0, 135.0, 105.0, 25.0, 50.0, 35.0
G2, 70.0, 135.0, 140.0, 25.0, 50.0, 35.0
G2, 70.0, 135.0, 175.0, 25.0, 50.0, 35.0

第12辆车，装载160件，容积利用率 64.28%，重量利用率 33.55%
货物ID, x(cm), y(cm), z(cm), l(cm), w(cm), h(cm)
G4, 0.0, 0.0, 0.0, 80.0, 60.0, 50.0
G4, 80.0, 0.0, 0.0, 80.0, 60.0, 50.0
G2, 160.0, 0.0, 0.0, 50.0, 35.0, 25.0
G1, 210.0, 0.0, 0.0, 60.0, 40.0, 30.0
G4, 270.0, 0.0, 0.0, 80.0, 60.0, 50.0
G3, 350.0, 0.0, 0.0, 70.0, 50.0, 40.0
G1, 210.0, 40.0, 0.0, 60.0, 40.0, 30.0
G2, 160.0, 35.0, 0.0, 50.0, 35.0, 25.0
G1, 350.0, 50.0, 0.0, 60.0, 40.0, 30.0
G2, 0.0, 60.0, 0.0, 50.0, 35.0, 25.0
G2, 50.0, 60.0, 0.0, 50.0, 35.0, 25.0
G5, 100.0, 60.0, 0.0, 40.0, 40.0, 60.0
G3, 270.0, 60.0, 0.0, 70.0, 50.0, 40.0
G5, 160.0, 70.0, 0.0, 40.0, 40.0, 60.0
G1, 210.0, 80.0, 0.0, 60.0, 40.0, 30.0
G5, 350.0, 90.0, 0.0, 40.0, 40.0, 60.0
G1, 0.0, 95.0, 0.0, 60.0, 40.0, 30.0
G2, 100.0, 100.0, 0.0, 50.0, 35.0, 25.0
G3, 270.0, 110.0, 0.0, 70.0, 50.0, 40.0
G5, 60.0, 95.0, 0.0, 40.0, 40.0, 60.0
G1, 210.0, 120.0, 0.0, 60.0, 40.0, 30.0
G5, 160.0, 110.0, 0.0, 40.0, 40.0, 60.0
G5, 350.0, 130.0, 0.0, 40.0, 40.0, 60.0
G1, 0.0, 135.0, 0.0, 60.0, 40.0, 30.0
G1, 60.0, 135.0, 0.0, 60.0, 40.0, 30.0
G1, 210.0, 160.0, 0.0, 60.0, 40.0, 30.0
G5, 120.0, 135.0, 0.0, 40.0, 40.0, 60.0
G2, 160.0, 150.0, 0.0, 50.0, 35.0, 25.0
G1, 270.0, 160.0, 0.0, 60.0, 40.0, 30.0
G5, 350.0, 170.0, 0.0, 40.0, 40.0, 60.0
G1, 210.0, 0.0, 30.0, 60.0, 40.0, 30.0
G2, 0.0, 175.0, 0.0, 50.0, 35.0, 25.0
G2, 50.0, 175.0, 0.0, 50.0, 35.0, 25.0
G2, 100.0, 175.0, 0.0, 50.0, 35.0, 25.0
G4, 0.0, 0.0, 50.0, 80.0, 60.0, 50.0
G1, 210.0, 40.0, 30.0, 60.0, 40.0, 30.0
G1, 350.0, 50.0, 30.0, 60.0, 40.0, 30.0
G2, 160.0, 0.0, 25.0, 50.0, 35.0, 25.0
G1, 210.0, 80.0, 30.0, 60.0, 40.0, 30.0
G5, 0.0, 95.0, 30.0, 40.0, 40.0, 60.0
G2, 160.0, 35.0, 25.0, 50.0, 35.0, 25.0
G2, 0.0, 60.0, 25.0, 50.0, 35.0, 25.0
G1, 210.0, 120.0, 30.0, 60.0, 40.0, 30.0
G4, 80.0, 0.0, 50.0, 80.0, 60.0, 50.0
G5, 0.0, 135.0, 30.0, 40.0, 40.0, 60.0
G2, 50.0, 60.0, 25.0, 50.0, 35.0, 25.0
G5, 60.0, 135.0, 30.0, 40.0, 40.0, 60.0
G2, 100.0, 100.0, 25.0, 50.0, 35.0, 25.0
G5, 210.0, 160.0, 30.0, 40.0, 40.0, 60.0
G2, 160.0, 150.0, 25.0, 50.0, 35.0, 25.0
G1, 270.0, 160.0, 30.0, 60.0, 40.0, 30.0
G2, 0.0, 175.0, 25.0, 50.0, 35.0, 25.0
G2, 50.0, 175.0, 25.0, 50.0, 35.0, 25.0
G2, 100.0, 175.0, 25.0, 50.0, 35.0, 25.0
G4, 270.0, 0.0, 50.0, 80.0, 60.0, 50.0
G1, 350.0, 0.0, 40.0, 60.0, 40.0, 30.0
G1, 270.0, 60.0, 40.0, 60.0, 40.0, 30.0
G1, 270.0, 110.0, 40.0, 60.0, 40.0, 30.0
G4, 0.0, 0.0, 100.0, 80.0, 60.0, 50.0
G2, 160.0, 0.0, 50.0, 50.0, 35.0, 25.0
G2, 160.0, 35.0, 50.0, 50.0, 35.0, 25.0
G1, 210.0, 0.0, 60.0, 60.0, 40.0, 30.0
G1, 210.0, 40.0, 60.0, 60.0, 40.0, 30.0
G5, 350.0, 50.0, 60.0, 40.0, 40.0, 60.0
G2, 0.0, 60.0, 50.0, 50.0, 35.0, 25.0
G1, 210.0, 80.0, 60.0, 60.0, 40.0, 30.0
G2, 50.0, 60.0, 50.0, 50.0, 35.0, 25.0
G2, 100.0, 100.0, 50.0, 50.0, 35.0, 25.0
G5, 100.0, 60.0, 60.0, 40.0, 40.0, 60.0
G1, 210.0, 120.0, 60.0, 60.0, 40.0, 30.0
G2, 160.0, 150.0, 50.0, 50.0, 35.0, 25.0
G1, 270.0, 160.0, 60.0, 60.0, 40.0, 30.0
G5, 160.0, 70.0, 60.0, 40.0, 40.0, 60.0
G1, 350.0, 0.0, 70.0, 60.0, 40.0, 30.0
G2, 0.0, 175.0, 50.0, 50.0, 35.0, 25.0
G1, 270.0, 60.0, 70.0, 60.0, 40.0, 30.0
G2, 50.0, 175.0, 50.0, 50.0, 35.0, 25.0
G2, 100.0, 175.0, 50.0, 50.0, 35.0, 25.0
G1, 270.0, 110.0, 70.0, 60.0, 40.0, 30.0
G2, 160.0, 0.0, 75.0, 50.0, 35.0, 25.0
G1, 210.0, 0.0, 90.0, 60.0, 40.0, 30.0
G5, 350.0, 90.0, 60.0, 40.0, 40.0, 60.0
G1, 210.0, 40.0, 90.0, 60.0, 40.0, 30.0
G5, 60.0, 95.0, 60.0, 40.0, 40.0, 60.0
G2, 160.0, 35.0, 75.0, 50.0, 35.0, 25.0
G2, 0.0, 60.0, 75.0, 50.0, 35.0, 25.0
G2, 50.0, 60.0, 75.0, 50.0, 35.0, 25.0
G2, 100.0, 100.0, 75.0, 50.0, 35.0, 25.0
G2, 160.0, 150.0, 75.0, 50.0, 35.0, 25.0
G5, 160.0, 110.0, 60.0, 40.0, 40.0, 60.0
G5, 350.0, 130.0, 60.0, 40.0, 40.0, 60.0
G4, 80.0, 0.0, 100.0, 80.0, 60.0, 50.0
G1, 210.0, 80.0, 90.0, 60.0, 40.0, 30.0
G2, 0.0, 175.0, 75.0, 50.0, 35.0, 25.0
G2, 50.0, 175.0, 75.0, 50.0, 35.0, 25.0
G1, 210.0, 120.0, 90.0, 60.0, 40.0, 30.0
G2, 100.0, 175.0, 75.0, 50.0, 35.0, 25.0
G5, 120.0, 135.0, 60.0, 40.0, 40.0, 60.0
G5, 350.0, 170.0, 60.0, 40.0, 40.0, 60.0
G2, 270.0, 160.0, 90.0, 50.0, 35.0, 25.0
G1, 270.0, 0.0, 100.0, 60.0, 40.0, 30.0
G2, 160.0, 0.0, 100.0, 50.0, 35.0, 25.0
G5, 0.0, 95.0, 90.0, 40.0, 40.0, 60.0
G5, 0.0, 135.0, 90.0, 40.0, 40.0, 60.0
G1, 350.0, 0.0, 100.0, 60.0, 40.0, 30.0
G1, 270.0, 60.0, 100.0, 60.0, 40.0, 30.0
G5, 60.0, 135.0, 90.0, 40.0, 40.0, 60.0
G5, 210.0, 160.0, 90.0, 40.0, 40.0, 60.0
G1, 270.0, 110.0, 100.0, 60.0, 40.0, 30.0
G5, 210.0, 0.0, 120.0, 40.0, 40.0, 60.0
G1, 210.0, 40.0, 120.0, 60.0, 40.0, 30.0
G1, 210.0, 80.0, 120.0, 60.0, 40.0, 30.0
G1, 210.0, 120.0, 120.0, 60.0, 40.0, 30.0
G4, 0.0, 0.0, 150.0, 80.0, 60.0, 50.0
G1, 270.0, 0.0, 130.0, 60.0, 40.0, 30.0
G1, 350.0, 0.0, 130.0, 60.0, 40.0, 30.0
G5, 350.0, 50.0, 120.0, 40.0, 40.0, 60.0
G2, 0.0, 60.0, 100.0, 50.0, 35.0, 25.0
G4, 80.0, 0.0, 150.0, 80.0, 60.0, 50.0
G1, 270.0, 0.0, 160.0, 60.0, 40.0, 30.0
G1, 350.0, 0.0, 160.0, 60.0, 40.0, 30.0
G1, 160.0, 35.0, 100.0, 40.0, 30.0, 60.0
G2, 50.0, 60.0, 100.0, 50.0, 35.0, 25.0
G2, 100.0, 100.0, 100.0, 50.0, 35.0, 25.0
G5, 160.0, 70.0, 120.0, 40.0, 40.0, 60.0
G5, 350.0, 90.0, 120.0, 40.0, 40.0, 60.0
G1, 160.0, 150.0, 100.0, 40.0, 30.0, 60.0
G2, 0.0, 175.0, 100.0, 50.0, 35.0, 25.0
G1, 50.0, 175.0, 100.0, 40.0, 30.0, 60.0
G5, 350.0, 130.0, 120.0, 40.0, 40.0, 60.0
G1, 100.0, 175.0, 100.0, 40.0, 30.0, 60.0
G5, 350.0, 170.0, 120.0, 40.0, 40.0, 60.0
G5, 210.0, 80.0, 150.0, 40.0, 40.0, 60.0
G2, 270.0, 160.0, 115.0, 50.0, 35.0, 25.0
G2, 0.0, 175.0, 125.0, 50.0, 35.0, 25.0
G2, 270.0, 160.0, 140.0, 50.0, 35.0, 25.0
G2, 210.0, 120.0, 150.0, 50.0, 35.0, 25.0
G2, 0.0, 175.0, 150.0, 50.0, 35.0, 25.0
G1, 160.0, 110.0, 120.0, 40.0, 30.0, 60.0
G2, 270.0, 160.0, 165.0, 50.0, 35.0, 25.0
G2, 210.0, 120.0, 175.0, 50.0, 35.0, 25.0
G2, 0.0, 175.0, 175.0, 50.0, 35.0, 25.0
G2, 270.0, 0.0, 190.0, 50.0, 35.0, 25.0
G1, 0.0, 60.0, 125.0, 40.0, 30.0, 60.0
G2, 350.0, 0.0, 190.0, 50.0, 35.0, 25.0
G2, 160.0, 185.0, 0.0, 50.0, 25.0, 35.0
G1, 0.0, 95.0, 150.0, 40.0, 30.0, 60.0
G2, 160.0, 185.0, 35.0, 50.0, 25.0, 35.0
G5, 0.0, 135.0, 150.0, 40.0, 40.0, 60.0
G2, 160.0, 185.0, 70.0, 50.0, 25.0, 35.0
G1, 390.0, 90.0, 0.0, 30.0, 60.0, 40.0
G2, 160.0, 185.0, 105.0, 50.0, 25.0, 35.0
G1, 390.0, 150.0, 0.0, 30.0, 60.0, 40.0
G2, 160.0, 0.0, 125.0, 50.0, 25.0, 35.0
G1, 60.0, 95.0, 120.0, 30.0, 40.0, 60.0
G1, 120.0, 135.0, 120.0, 30.0, 40.0, 60.0
G2, 100.0, 100.0, 125.0, 50.0, 25.0, 35.0
G2, 160.0, 185.0, 140.0, 50.0, 25.0, 35.0
G2, 160.0, 0.0, 160.0, 50.0, 25.0, 35.0
G2, 50.0, 175.0, 160.0, 35.0, 25.0, 50.0

========== V2 详细装箱坐标 ==========

第1辆车，装载346件，容积利用率 62.38%，重量利用率 41.48%
货物ID, x(cm), y(cm), z(cm), l(cm), w(cm), h(cm)
G1, 0.0, 0.0, 0.0, 60.0, 40.0, 30.0
G1, 60.0, 0.0, 0.0, 60.0, 40.0, 30.0
G5, 120.0, 0.0, 0.0, 40.0, 40.0, 60.0
G2, 160.0, 0.0, 0.0, 50.0, 35.0, 25.0
G2, 210.0, 0.0, 0.0, 50.0, 35.0, 25.0
G5, 260.0, 0.0, 0.0, 40.0, 40.0, 60.0
G2, 300.0, 0.0, 0.0, 50.0, 35.0, 25.0
G1, 350.0, 0.0, 0.0, 60.0, 40.0, 30.0
G1, 410.0, 0.0, 0.0, 60.0, 40.0, 30.0
G1, 470.0, 0.0, 0.0, 60.0, 40.0, 30.0
G5, 530.0, 0.0, 0.0, 40.0, 40.0, 60.0
G5, 570.0, 0.0, 0.0, 40.0, 40.0, 60.0
G2, 610.0, 0.0, 0.0, 50.0, 35.0, 25.0
G4, 160.0, 35.0, 0.0, 80.0, 60.0, 50.0
G2, 300.0, 35.0, 0.0, 50.0, 35.0, 25.0
G1, 610.0, 35.0, 0.0, 60.0, 40.0, 30.0
G2, 0.0, 40.0, 0.0, 50.0, 35.0, 25.0
G1, 50.0, 40.0, 0.0, 60.0, 40.0, 30.0
G5, 110.0, 40.0, 0.0, 40.0, 40.0, 60.0
G2, 350.0, 40.0, 0.0, 50.0, 35.0, 25.0
G1, 400.0, 40.0, 0.0, 60.0, 40.0, 30.0
G1, 460.0, 40.0, 0.0, 60.0, 40.0, 30.0
G2, 520.0, 40.0, 0.0, 50.0, 35.0, 25.0
G5, 260.0, 40.0, 0.0, 40.0, 40.0, 60.0
G5, 570.0, 40.0, 0.0, 40.0, 40.0, 60.0
G2, 300.0, 70.0, 0.0, 50.0, 35.0, 25.0
G2, 0.0, 75.0, 0.0, 50.0, 35.0, 25.0
G2, 350.0, 75.0, 0.0, 50.0, 35.0, 25.0
G3, 610.0, 75.0, 0.0, 70.0, 50.0, 40.0
G5, 520.0, 75.0, 0.0, 40.0, 40.0, 60.0
G4, 50.0, 80.0, 0.0, 80.0, 60.0, 50.0
G1, 400.0, 80.0, 0.0, 60.0, 40.0, 30.0
G5, 260.0, 80.0, 0.0, 40.0, 40.0, 60.0
G2, 460.0, 80.0, 0.0, 50.0, 35.0, 25.0
G4, 160.0, 95.0, 0.0, 80.0, 60.0, 50.0
G1, 460.0, 115.0, 0.0, 60.0, 40.0, 30.0
G2, 300.0, 105.0, 0.0, 50.0, 35.0, 25.0
G4, 520.0, 115.0, 0.0, 80.0, 60.0, 50.0
G5, 0.0, 110.0, 0.0, 40.0, 40.0, 60.0
G1, 400.0, 120.0, 0.0, 60.0, 40.0, 30.0
G3, 610.0, 125.0, 0.0, 70.0, 50.0, 40.0
G2, 350.0, 110.0, 0.0, 50.0, 35.0, 25.0
G5, 260.0, 120.0, 0.0, 40.0, 40.0, 60.0
G3, 50.0, 140.0, 0.0, 70.0, 50.0, 40.0
G2, 300.0, 140.0, 0.0, 50.0, 35.0, 25.0
G5, 120.0, 140.0, 0.0, 40.0, 40.0, 60.0
G2, 350.0, 145.0, 0.0, 50.0, 35.0, 25.0
G3, 160.0, 155.0, 0.0, 70.0, 50.0, 40.0
G2, 0.0, 150.0, 0.0, 50.0, 35.0, 25.0
G4, 400.0, 160.0, 0.0, 80.0, 60.0, 50.0
G5, 260.0, 160.0, 0.0, 40.0, 40.0, 60.0
G4, 520.0, 175.0, 0.0, 80.0, 60.0, 50.0
G1, 600.0, 175.0, 0.0, 60.0, 40.0, 30.0
G2, 300.0, 175.0, 0.0, 50.0, 35.0, 25.0
G5, 480.0, 160.0, 0.0, 40.0, 40.0, 60.0
G4, 160.0, 35.0, 50.0, 80.0, 60.0, 50.0
G5, 120.0, 180.0, 0.0, 40.0, 40.0, 60.0
G5, 350.0, 180.0, 0.0, 40.0, 40.0, 60.0
G2, 0.0, 185.0, 0.0, 50.0, 35.0, 25.0
G4, 50.0, 80.0, 50.0, 80.0, 60.0, 50.0
G4, 160.0, 95.0, 50.0, 80.0, 60.0, 50.0
G1, 50.0, 190.0, 0.0, 60.0, 40.0, 30.0
G1, 160.0, 205.0, 0.0, 60.0, 40.0, 30.0
G2, 220.0, 205.0, 0.0, 50.0, 35.0, 25.0
G2, 300.0, 210.0, 0.0, 50.0, 35.0, 25.0
G5, 480.0, 200.0, 0.0, 40.0, 40.0, 60.0
G2, 160.0, 0.0, 25.0, 50.0, 35.0, 25.0
G5, 0.0, 0.0, 30.0, 40.0, 40.0, 60.0
G1, 60.0, 0.0, 30.0, 60.0, 40.0, 30.0
G2, 210.0, 0.0, 25.0, 50.0, 35.0, 25.0
G2, 300.0, 0.0, 25.0, 50.0, 35.0, 25.0
G2, 610.0, 0.0, 25.0, 50.0, 35.0, 25.0
G4, 520.0, 115.0, 50.0, 80.0, 60.0, 50.0
G2, 300.0, 35.0, 25.0, 50.0, 35.0, 25.0
G1, 350.0, 0.0, 30.0, 60.0, 40.0, 30.0
G2, 0.0, 40.0, 25.0, 50.0, 35.0, 25.0
G2, 350.0, 40.0, 25.0, 50.0, 35.0, 25.0
G2, 520.0, 40.0, 25.0, 50.0, 35.0, 25.0
G1, 410.0, 0.0, 30.0, 60.0, 40.0, 30.0
G1, 470.0, 0.0, 30.0, 60.0, 40.0, 30.0
G2, 300.0, 70.0, 25.0, 50.0, 35.0, 25.0
G4, 400.0, 160.0, 50.0, 80.0, 60.0, 50.0
G1, 610.0, 35.0, 30.0, 60.0, 40.0, 30.0
G4, 520.0, 175.0, 50.0, 80.0, 60.0, 50.0
G1, 50.0, 40.0, 30.0, 60.0, 40.0, 30.0
G1, 400.0, 40.0, 30.0, 60.0, 40.0, 30.0
G2, 0.0, 75.0, 25.0, 50.0, 35.0, 25.0
G2, 350.0, 75.0, 25.0, 50.0, 35.0, 25.0
G5, 460.0, 40.0, 30.0, 40.0, 40.0, 60.0
G4, 160.0, 35.0, 100.0, 80.0, 60.0, 50.0
G2, 460.0, 80.0, 25.0, 50.0, 35.0, 25.0
G1, 400.0, 80.0, 30.0, 60.0, 40.0, 30.0
G1, 460.0, 115.0, 30.0, 60.0, 40.0, 30.0
G5, 400.0, 120.0, 30.0, 40.0, 40.0, 60.0
G1, 600.0, 175.0, 30.0, 60.0, 40.0, 30.0
G2, 300.0, 105.0, 25.0, 50.0, 35.0, 25.0
G1, 50.0, 190.0, 30.0, 60.0, 40.0, 30.0
G1, 160.0, 205.0, 30.0, 60.0, 40.0, 30.0
G1, 610.0, 75.0, 40.0, 60.0, 40.0, 30.0
G5, 610.0, 125.0, 40.0, 40.0, 40.0, 60.0
G5, 50.0, 140.0, 40.0, 40.0, 40.0, 60.0
G2, 350.0, 110.0, 25.0, 50.0, 35.0, 25.0
G2, 300.0, 140.0, 25.0, 50.0, 35.0, 25.0
G1, 160.0, 155.0, 40.0, 60.0, 40.0, 30.0
G1, 60.0, 0.0, 60.0, 60.0, 40.0, 30.0
G2, 350.0, 145.0, 25.0, 50.0, 35.0, 25.0
G4, 50.0, 80.0, 100.0, 80.0, 60.0, 50.0
G5, 120.0, 0.0, 60.0, 40.0, 40.0, 60.0
G2, 0.0, 150.0, 25.0, 50.0, 35.0, 25.0
G2, 300.0, 175.0, 25.0, 50.0, 35.0, 25.0
G1, 350.0, 0.0, 60.0, 60.0, 40.0, 30.0
G1, 410.0, 0.0, 60.0, 60.0, 40.0, 30.0
G2, 0.0, 185.0, 25.0, 50.0, 35.0, 25.0
G2, 220.0, 205.0, 25.0, 50.0, 35.0, 25.0
G2, 300.0, 210.0, 25.0, 50.0, 35.0, 25.0
G5, 260.0, 0.0, 60.0, 40.0, 40.0, 60.0
G5, 470.0, 0.0, 60.0, 40.0, 40.0, 60.0
G5, 530.0, 0.0, 60.0, 40.0, 40.0, 60.0
G4, 160.0, 95.0, 100.0, 80.0, 60.0, 50.0
G5, 570.0, 0.0, 60.0, 40.0, 40.0, 60.0
G1, 610.0, 35.0, 60.0, 60.0, 40.0, 30.0
G1, 50.0, 40.0, 60.0, 60.0, 40.0, 30.0
G2, 160.0, 0.0, 50.0, 50.0, 35.0, 25.0
G2, 210.0, 0.0, 50.0, 50.0, 35.0, 25.0
G1, 400.0, 40.0, 60.0, 60.0, 40.0, 30.0
G2, 300.0, 0.0, 50.0, 50.0, 35.0, 25.0
G4, 520.0, 115.0, 100.0, 80.0, 60.0, 50.0
G4, 400.0, 160.0, 100.0, 80.0, 60.0, 50.0
G1, 400.0, 80.0, 60.0, 60.0, 40.0, 30.0
G4, 520.0, 175.0, 100.0, 80.0, 60.0, 50.0
G1, 460.0, 115.0, 60.0, 60.0, 40.0, 30.0
G2, 610.0, 0.0, 50.0, 50.0, 35.0, 25.0
G1, 600.0, 175.0, 60.0, 60.0, 40.0, 30.0
G4, 160.0, 35.0, 150.0, 80.0, 60.0, 50.0
G2, 300.0, 35.0, 50.0, 50.0, 35.0, 25.0
G2, 0.0, 40.0, 50.0, 50.0, 35.0, 25.0
G5, 110.0, 40.0, 60.0, 40.0, 40.0, 60.0
G2, 350.0, 40.0, 50.0, 50.0, 35.0, 25.0
G5, 260.0, 40.0, 60.0, 40.0, 40.0, 60.0
G2, 520.0, 40.0, 50.0, 50.0, 35.0, 25.0
G2, 300.0, 70.0, 50.0, 50.0, 35.0, 25.0
G1, 50.0, 190.0, 60.0, 60.0, 40.0, 30.0
G2, 0.0, 75.0, 50.0, 50.0, 35.0, 25.0
G2, 350.0, 75.0, 50.0, 50.0, 35.0, 25.0
G2, 460.0, 80.0, 50.0, 50.0, 35.0, 25.0
G5, 520.0, 75.0, 60.0, 40.0, 40.0, 60.0
G2, 300.0, 105.0, 50.0, 50.0, 35.0, 25.0
G2, 350.0, 110.0, 50.0, 50.0, 35.0, 25.0
G2, 300.0, 140.0, 50.0, 50.0, 35.0, 25.0
G1, 160.0, 205.0, 60.0, 60.0, 40.0, 30.0
G2, 350.0, 145.0, 50.0, 50.0, 35.0, 25.0
G2, 0.0, 150.0, 50.0, 50.0, 35.0, 25.0
G5, 260.0, 80.0, 60.0, 40.0, 40.0, 60.0
G1, 610.0, 75.0, 70.0, 60.0, 40.0, 30.0
G5, 0.0, 110.0, 60.0, 40.0, 40.0, 60.0
G2, 300.0, 175.0, 50.0, 50.0, 35.0, 25.0
G4, 50.0, 80.0, 150.0, 80.0, 60.0, 50.0
G4, 160.0, 95.0, 150.0, 80.0, 60.0, 50.0
G2, 0.0, 185.0, 50.0, 50.0, 35.0, 25.0
G2, 220.0, 205.0, 50.0, 50.0, 35.0, 25.0
G2, 300.0, 210.0, 50.0, 50.0, 35.0, 25.0
G2, 160.0, 155.0, 70.0, 50.0, 35.0, 25.0
G1, 60.0, 0.0, 90.0, 60.0, 40.0, 30.0
G1, 350.0, 0.0, 90.0, 60.0, 40.0, 30.0
G1, 410.0, 0.0, 90.0, 60.0, 40.0, 30.0
G1, 610.0, 35.0, 90.0, 60.0, 40.0, 30.0
G2, 160.0, 0.0, 75.0, 50.0, 35.0, 25.0
G2, 210.0, 0.0, 75.0, 50.0, 35.0, 25.0
G4, 520.0, 115.0, 150.0, 80.0, 60.0, 50.0
G5, 260.0, 120.0, 60.0, 40.0, 40.0, 60.0
G1, 50.0, 40.0, 90.0, 60.0, 40.0, 30.0
G4, 400.0, 160.0, 150.0, 80.0, 60.0, 50.0
G2, 300.0, 0.0, 75.0, 50.0, 35.0, 25.0
G1, 400.0, 40.0, 90.0, 60.0, 40.0, 30.0
G2, 610.0, 0.0, 75.0, 50.0, 35.0, 25.0
G5, 120.0, 140.0, 60.0, 40.0, 40.0, 60.0
G2, 300.0, 35.0, 75.0, 50.0, 35.0, 25.0
G5, 260.0, 160.0, 60.0, 40.0, 40.0, 60.0
G2, 0.0, 40.0, 75.0, 50.0, 35.0, 25.0
G5, 480.0, 160.0, 60.0, 40.0, 40.0, 60.0
G2, 350.0, 40.0, 75.0, 50.0, 35.0, 25.0
G2, 520.0, 40.0, 75.0, 50.0, 35.0, 25.0
G4, 520.0, 175.0, 150.0, 80.0, 60.0, 50.0
G5, 120.0, 180.0, 60.0, 40.0, 40.0, 60.0
G2, 300.0, 70.0, 75.0, 50.0, 35.0, 25.0
G1, 400.0, 80.0, 90.0, 60.0, 40.0, 30.0
G1, 460.0, 115.0, 90.0, 60.0, 40.0, 30.0
G2, 0.0, 75.0, 75.0, 50.0, 35.0, 25.0
G1, 600.0, 175.0, 90.0, 60.0, 40.0, 30.0
G1, 50.0, 190.0, 90.0, 60.0, 40.0, 30.0
G2, 350.0, 75.0, 75.0, 50.0, 35.0, 25.0
G5, 350.0, 180.0, 60.0, 40.0, 40.0, 60.0
G1, 160.0, 205.0, 90.0, 60.0, 40.0, 30.0
G1, 610.0, 75.0, 100.0, 60.0, 40.0, 30.0
G1, 60.0, 0.0, 120.0, 60.0, 40.0, 30.0
G2, 300.0, 105.0, 75.0, 50.0, 35.0, 25.0
G2, 350.0, 110.0, 75.0, 50.0, 35.0, 25.0
G1, 350.0, 0.0, 120.0, 60.0, 40.0, 30.0
G2, 300.0, 140.0, 75.0, 50.0, 35.0, 25.0
G1, 410.0, 0.0, 120.0, 60.0, 40.0, 30.0
G2, 350.0, 145.0, 75.0, 50.0, 35.0, 25.0
G2, 0.0, 150.0, 75.0, 50.0, 35.0, 25.0
G5, 480.0, 200.0, 60.0, 40.0, 40.0, 60.0
G5, 0.0, 0.0, 90.0, 40.0, 40.0, 60.0
G1, 610.0, 35.0, 120.0, 60.0, 40.0, 30.0
G2, 300.0, 175.0, 75.0, 50.0, 35.0, 25.0
G1, 50.0, 40.0, 120.0, 60.0, 40.0, 30.0
G2, 0.0, 185.0, 75.0, 50.0, 35.0, 25.0
G1, 460.0, 115.0, 120.0, 60.0, 40.0, 30.0
G1, 600.0, 175.0, 120.0, 60.0, 40.0, 30.0
G1, 50.0, 190.0, 120.0, 60.0, 40.0, 30.0
G5, 400.0, 120.0, 90.0, 40.0, 40.0, 60.0
G5, 610.0, 125.0, 100.0, 40.0, 40.0, 60.0
G2, 220.0, 205.0, 75.0, 50.0, 35.0, 25.0
G2, 300.0, 210.0, 75.0, 50.0, 35.0, 25.0
G1, 160.0, 205.0, 120.0, 60.0, 40.0, 30.0
G1, 610.0, 75.0, 130.0, 60.0, 40.0, 30.0
G2, 160.0, 155.0, 95.0, 50.0, 35.0, 25.0
G2, 160.0, 0.0, 100.0, 50.0, 35.0, 25.0
G1, 610.0, 35.0, 150.0, 60.0, 40.0, 30.0
G5, 50.0, 140.0, 100.0, 40.0, 40.0, 60.0
G2, 210.0, 0.0, 100.0, 50.0, 35.0, 25.0
G1, 50.0, 190.0, 150.0, 60.0, 40.0, 30.0
G1, 160.0, 205.0, 150.0, 60.0, 40.0, 30.0
G1, 610.0, 75.0, 160.0, 60.0, 40.0, 30.0
G2, 300.0, 0.0, 100.0, 50.0, 35.0, 25.0
G1, 50.0, 190.0, 180.0, 60.0, 40.0, 30.0
G1, 160.0, 205.0, 180.0, 60.0, 40.0, 30.0
G5, 260.0, 0.0, 120.0, 40.0, 40.0, 60.0
G2, 0.0, 40.0, 100.0, 50.0, 35.0, 25.0
G2, 0.0, 75.0, 100.0, 50.0, 35.0, 25.0
G5, 470.0, 0.0, 120.0, 40.0, 40.0, 60.0
G2, 0.0, 150.0, 100.0, 50.0, 35.0, 25.0
G1, 160.0, 95.0, 200.0, 60.0, 40.0, 30.0
G2, 300.0, 175.0, 100.0, 50.0, 35.0, 25.0
G2, 0.0, 185.0, 100.0, 50.0, 35.0, 25.0
G1, 400.0, 160.0, 200.0, 60.0, 40.0, 30.0
G5, 260.0, 80.0, 120.0, 40.0, 40.0, 60.0
G1, 520.0, 175.0, 200.0, 60.0, 40.0, 30.0
G2, 220.0, 205.0, 100.0, 50.0, 35.0, 25.0
G2, 300.0, 210.0, 100.0, 50.0, 35.0, 25.0
G2, 400.0, 80.0, 120.0, 50.0, 35.0, 25.0
G5, 0.0, 110.0, 120.0, 40.0, 40.0, 60.0
G1, 50.0, 190.0, 210.0, 60.0, 40.0, 30.0
G2, 160.0, 155.0, 120.0, 50.0, 35.0, 25.0
G2, 0.0, 75.0, 125.0, 50.0, 35.0, 25.0
G1, 160.0, 205.0, 210.0, 60.0, 40.0, 30.0
G1, 600.0, 215.0, 0.0, 60.0, 30.0, 40.0
G1, 600.0, 215.0, 40.0, 60.0, 30.0, 40.0
G2, 300.0, 175.0, 125.0, 50.0, 35.0, 25.0
G1, 600.0, 215.0, 80.0, 60.0, 30.0, 40.0
G1, 60.0, 0.0, 150.0, 60.0, 30.0, 40.0
G2, 220.0, 205.0, 125.0, 50.0, 35.0, 25.0
G2, 400.0, 80.0, 145.0, 50.0, 35.0, 25.0
G2, 160.0, 155.0, 145.0, 50.0, 35.0, 25.0
G1, 350.0, 0.0, 150.0, 60.0, 30.0, 40.0
G2, 410.0, 0.0, 150.0, 50.0, 35.0, 25.0
G1, 60.0, 0.0, 190.0, 60.0, 30.0, 40.0
G2, 460.0, 115.0, 150.0, 50.0, 35.0, 25.0
G2, 300.0, 175.0, 150.0, 50.0, 35.0, 25.0
G5, 0.0, 0.0, 150.0, 40.0, 40.0, 60.0
G2, 220.0, 205.0, 150.0, 50.0, 35.0, 25.0
G5, 610.0, 125.0, 160.0, 40.0, 40.0, 60.0
G5, 0.0, 110.0, 180.0, 40.0, 40.0, 60.0
G2, 400.0, 80.0, 170.0, 50.0, 35.0, 25.0
G1, 570.0, 80.0, 0.0, 40.0, 30.0, 60.0
G2, 410.0, 0.0, 175.0, 50.0, 35.0, 25.0
G2, 460.0, 115.0, 175.0, 50.0, 35.0, 25.0
G2, 410.0, 0.0, 200.0, 50.0, 35.0, 25.0
G1, 570.0, 80.0, 60.0, 40.0, 30.0, 60.0
G1, 520.0, 40.0, 100.0, 40.0, 30.0, 60.0
G2, 460.0, 115.0, 200.0, 50.0, 35.0, 25.0
G2, 0.0, 220.0, 0.0, 50.0, 25.0, 35.0
G1, 530.0, 0.0, 120.0, 40.0, 30.0, 60.0
G2, 350.0, 220.0, 0.0, 50.0, 25.0, 35.0
G2, 400.0, 220.0, 0.0, 50.0, 25.0, 35.0
G1, 520.0, 75.0, 120.0, 40.0, 30.0, 60.0
G2, 0.0, 220.0, 35.0, 50.0, 25.0, 35.0
G2, 350.0, 220.0, 35.0, 50.0, 25.0, 35.0
G2, 400.0, 220.0, 35.0, 50.0, 25.0, 35.0
G2, 350.0, 220.0, 70.0, 50.0, 25.0, 35.0
G1, 570.0, 80.0, 120.0, 40.0, 30.0, 60.0
G2, 400.0, 220.0, 70.0, 50.0, 25.0, 35.0
G2, 610.0, 0.0, 100.0, 50.0, 25.0, 35.0
G1, 0.0, 40.0, 125.0, 40.0, 30.0, 60.0
G1, 0.0, 185.0, 125.0, 40.0, 30.0, 60.0
G2, 350.0, 40.0, 100.0, 50.0, 25.0, 35.0
G2, 300.0, 105.0, 100.0, 50.0, 25.0, 35.0
G1, 300.0, 210.0, 125.0, 40.0, 30.0, 60.0
G1, 0.0, 75.0, 150.0, 40.0, 30.0, 60.0
G1, 520.0, 40.0, 160.0, 40.0, 30.0, 60.0
G1, 50.0, 140.0, 160.0, 40.0, 30.0, 60.0
G2, 350.0, 220.0, 105.0, 50.0, 25.0, 35.0
G2, 600.0, 215.0, 120.0, 50.0, 25.0, 35.0
G2, 160.0, 0.0, 125.0, 50.0, 25.0, 35.0
G2, 210.0, 0.0, 125.0, 50.0, 25.0, 35.0
G2, 300.0, 0.0, 125.0, 50.0, 25.0, 35.0
G1, 470.0, 0.0, 180.0, 40.0, 30.0, 60.0
G1, 530.0, 0.0, 180.0, 40.0, 30.0, 60.0
G2, 0.0, 150.0, 125.0, 50.0, 25.0, 35.0
G2, 610.0, 0.0, 135.0, 50.0, 25.0, 35.0
G1, 0.0, 185.0, 185.0, 40.0, 30.0, 60.0
G2, 50.0, 40.0, 150.0, 50.0, 25.0, 35.0
G2, 160.0, 0.0, 160.0, 50.0, 25.0, 35.0
G1, 300.0, 210.0, 185.0, 40.0, 30.0, 60.0
G1, 130.0, 80.0, 0.0, 30.0, 60.0, 40.0
G2, 300.0, 0.0, 160.0, 50.0, 25.0, 35.0
G1, 130.0, 80.0, 40.0, 30.0, 60.0, 40.0
G2, 610.0, 0.0, 170.0, 50.0, 25.0, 35.0
G2, 300.0, 175.0, 175.0, 50.0, 25.0, 35.0
G1, 130.0, 80.0, 80.0, 30.0, 60.0, 40.0
G1, 230.0, 155.0, 0.0, 30.0, 40.0, 60.0
G1, 650.0, 125.0, 40.0, 30.0, 40.0, 60.0
G1, 90.0, 140.0, 40.0, 30.0, 40.0, 60.0
G1, 230.0, 155.0, 60.0, 30.0, 40.0, 60.0
G1, 650.0, 125.0, 100.0, 30.0, 40.0, 60.0
G2, 50.0, 40.0, 185.0, 50.0, 25.0, 35.0
G1, 260.0, 40.0, 120.0, 30.0, 40.0, 60.0
G2, 610.0, 0.0, 205.0, 50.0, 25.0, 35.0
G1, 260.0, 120.0, 120.0, 30.0, 40.0, 60.0
G1, 120.0, 140.0, 120.0, 30.0, 40.0, 60.0
G1, 120.0, 180.0, 120.0, 30.0, 40.0, 60.0
G1, 650.0, 125.0, 160.0, 30.0, 40.0, 60.0
G1, 260.0, 0.0, 180.0, 30.0, 40.0, 60.0
G1, 260.0, 80.0, 180.0, 30.0, 40.0, 60.0
G2, 120.0, 220.0, 0.0, 35.0, 25.0, 50.0
G2, 120.0, 220.0, 50.0, 35.0, 25.0, 50.0
G2, 0.0, 220.0, 70.0, 35.0, 25.0, 50.0
G2, 350.0, 110.0, 100.0, 35.0, 25.0, 50.0
G2, 300.0, 140.0, 100.0, 35.0, 25.0, 50.0
G2, 120.0, 220.0, 100.0, 35.0, 25.0, 50.0
G2, 120.0, 0.0, 120.0, 35.0, 25.0, 50.0
G2, 570.0, 0.0, 120.0, 35.0, 25.0, 50.0
G2, 480.0, 160.0, 120.0, 35.0, 25.0, 50.0
G2, 0.0, 220.0, 120.0, 35.0, 25.0, 50.0
G2, 120.0, 220.0, 150.0, 35.0, 25.0, 50.0
G2, 480.0, 160.0, 170.0, 35.0, 25.0, 50.0
G2, 0.0, 220.0, 170.0, 35.0, 25.0, 50.0
G2, 570.0, 80.0, 180.0, 35.0, 25.0, 50.0
G2, 160.0, 0.0, 195.0, 35.0, 25.0, 50.0
G2, 130.0, 80.0, 120.0, 25.0, 50.0, 35.0
G2, 270.0, 205.0, 0.0, 25.0, 35.0, 50.0
G2, 270.0, 205.0, 50.0, 25.0, 35.0, 50.0
G2, 270.0, 205.0, 100.0, 25.0, 35.0, 50.0
G2, 230.0, 155.0, 120.0, 25.0, 35.0, 50.0
G2, 230.0, 155.0, 170.0, 25.0, 35.0, 50.0

第2辆车，装载344件，容积利用率 62.42%，重量利用率 41.30%
货物ID, x(cm), y(cm), z(cm), l(cm), w(cm), h(cm)
G2, 0.0, 0.0, 0.0, 50.0, 35.0, 25.0
G4, 50.0, 0.0, 0.0, 80.0, 60.0, 50.0
G5, 130.0, 0.0, 0.0, 40.0, 40.0, 60.0
G3, 170.0, 0.0, 0.0, 70.0, 50.0, 40.0
G5, 240.0, 0.0, 0.0, 40.0, 40.0, 60.0
G1, 280.0, 0.0, 0.0, 60.0, 40.0, 30.0
G4, 340.0, 0.0, 0.0, 80.0, 60.0, 50.0
G5, 420.0, 0.0, 0.0, 40.0, 40.0, 60.0
G2, 460.0, 0.0, 0.0, 50.0, 35.0, 25.0
G2, 510.0, 0.0, 0.0, 50.0, 35.0, 25.0
G2, 560.0, 0.0, 0.0, 50.0, 35.0, 25.0
G5, 610.0, 0.0, 0.0, 40.0, 40.0, 60.0
G2, 0.0, 35.0, 0.0, 50.0, 35.0, 25.0
G2, 460.0, 35.0, 0.0, 50.0, 35.0, 25.0
G2, 510.0, 35.0, 0.0, 50.0, 35.0, 25.0
G5, 560.0, 35.0, 0.0, 40.0, 40.0, 60.0
G2, 240.0, 40.0, 0.0, 50.0, 35.0, 25.0
G2, 290.0, 40.0, 0.0, 50.0, 35.0, 25.0
G5, 130.0, 40.0, 0.0, 40.0, 40.0, 60.0
G4, 50.0, 60.0, 0.0, 80.0, 60.0, 50.0
G4, 340.0, 60.0, 0.0, 80.0, 60.0, 50.0
G2, 610.0, 40.0, 0.0, 50.0, 35.0, 25.0
G1, 170.0, 50.0, 0.0, 60.0, 40.0, 30.0
G3, 460.0, 70.0, 0.0, 70.0, 50.0, 40.0
G1, 240.0, 75.0, 0.0, 60.0, 40.0, 30.0
G5, 420.0, 40.0, 0.0, 40.0, 40.0, 60.0
G4, 560.0, 75.0, 0.0, 80.0, 60.0, 50.0
G1, 170.0, 90.0, 0.0, 60.0, 40.0, 30.0
G1, 240.0, 115.0, 0.0, 60.0, 40.0, 30.0
G4, 50.0, 120.0, 0.0, 80.0, 60.0, 50.0
G1, 340.0, 120.0, 0.0, 60.0, 40.0, 30.0
G2, 0.0, 70.0, 0.0, 50.0, 35.0, 25.0
G5, 300.0, 75.0, 0.0, 40.0, 40.0, 60.0
G1, 400.0, 120.0, 0.0, 60.0, 40.0, 30.0
G1, 460.0, 120.0, 0.0, 60.0, 40.0, 30.0
G5, 640.0, 75.0, 0.0, 40.0, 40.0, 60.0
G2, 0.0, 105.0, 0.0, 50.0, 35.0, 25.0
G5, 130.0, 80.0, 0.0, 40.0, 40.0, 60.0
G2, 170.0, 130.0, 0.0, 50.0, 35.0, 25.0
G2, 560.0, 135.0, 0.0, 50.0, 35.0, 25.0
G2, 610.0, 135.0, 0.0, 50.0, 35.0, 25.0
G2, 0.0, 140.0, 0.0, 50.0, 35.0, 25.0
G3, 240.0, 155.0, 0.0, 70.0, 50.0, 40.0
G1, 340.0, 160.0, 0.0, 60.0, 40.0, 30.0
G1, 400.0, 160.0, 0.0, 60.0, 40.0, 30.0
G2, 460.0, 160.0, 0.0, 50.0, 35.0, 25.0
G1, 170.0, 165.0, 0.0, 60.0, 40.0, 30.0
G1, 560.0, 170.0, 0.0, 60.0, 40.0, 30.0
G1, 620.0, 170.0, 0.0, 60.0, 40.0, 30.0
G2, 510.0, 160.0, 0.0, 50.0, 35.0, 25.0
G1, 50.0, 180.0, 0.0, 60.0, 40.0, 30.0
G5, 420.0, 80.0, 0.0, 40.0, 40.0, 60.0
G2, 0.0, 175.0, 0.0, 50.0, 35.0, 25.0
G2, 110.0, 180.0, 0.0, 50.0, 35.0, 25.0
G1, 460.0, 195.0, 0.0, 60.0, 40.0, 30.0
G2, 340.0, 200.0, 0.0, 50.0, 35.0, 25.0
G1, 390.0, 200.0, 0.0, 60.0, 40.0, 30.0
G3, 170.0, 205.0, 0.0, 70.0, 40.0, 50.0
G2, 240.0, 205.0, 0.0, 50.0, 35.0, 25.0
G4, 50.0, 0.0, 50.0, 80.0, 60.0, 50.0
G3, 290.0, 205.0, 0.0, 50.0, 40.0, 70.0
G4, 340.0, 0.0, 50.0, 80.0, 60.0, 50.0
G1, 280.0, 0.0, 30.0, 60.0, 40.0, 30.0
G2, 0.0, 210.0, 0.0, 50.0, 35.0, 25.0
G4, 50.0, 60.0, 50.0, 80.0, 60.0, 50.0
G1, 170.0, 50.0, 30.0, 60.0, 40.0, 30.0
G4, 340.0, 60.0, 50.0, 80.0, 60.0, 50.0
G3, 130.0, 120.0, 0.0, 40.0, 50.0, 70.0
G5, 300.0, 115.0, 0.0, 40.0, 40.0, 60.0
G1, 240.0, 75.0, 30.0, 60.0, 40.0, 30.0
G3, 520.0, 195.0, 0.0, 40.0, 50.0, 70.0
G1, 170.0, 90.0, 30.0, 60.0, 40.0, 30.0
G4, 560.0, 75.0, 50.0, 80.0, 60.0, 50.0
G2, 560.0, 210.0, 0.0, 50.0, 35.0, 25.0
G2, 610.0, 210.0, 0.0, 50.0, 35.0, 25.0
G1, 240.0, 115.0, 30.0, 60.0, 40.0, 30.0
G5, 520.0, 120.0, 0.0, 40.0, 40.0, 60.0
G5, 340.0, 120.0, 30.0, 40.0, 40.0, 60.0
G2, 0.0, 0.0, 25.0, 50.0, 35.0, 25.0
G5, 400.0, 120.0, 30.0, 40.0, 40.0, 60.0
G1, 460.0, 120.0, 30.0, 60.0, 40.0, 30.0
G2, 460.0, 0.0, 25.0, 50.0, 35.0, 25.0
G2, 510.0, 0.0, 25.0, 50.0, 35.0, 25.0
G1, 340.0, 160.0, 30.0, 60.0, 40.0, 30.0
G5, 400.0, 160.0, 30.0, 40.0, 40.0, 60.0
G2, 560.0, 0.0, 25.0, 50.0, 35.0, 25.0
G1, 170.0, 165.0, 30.0, 60.0, 40.0, 30.0
G2, 0.0, 35.0, 25.0, 50.0, 35.0, 25.0
G1, 560.0, 170.0, 30.0, 60.0, 40.0, 30.0
G1, 620.0, 170.0, 30.0, 60.0, 40.0, 30.0
G2, 460.0, 35.0, 25.0, 50.0, 35.0, 25.0
G4, 50.0, 120.0, 50.0, 80.0, 60.0, 50.0
G1, 50.0, 180.0, 30.0, 60.0, 40.0, 30.0
G1, 460.0, 195.0, 30.0, 60.0, 40.0, 30.0
G1, 390.0, 200.0, 30.0, 60.0, 40.0, 30.0
G5, 170.0, 0.0, 40.0, 40.0, 40.0, 60.0
G5, 460.0, 70.0, 40.0, 40.0, 40.0, 60.0
G2, 510.0, 35.0, 25.0, 50.0, 35.0, 25.0
G2, 240.0, 40.0, 25.0, 50.0, 35.0, 25.0
G1, 240.0, 155.0, 40.0, 60.0, 40.0, 30.0
G5, 170.0, 205.0, 50.0, 40.0, 40.0, 60.0
G1, 280.0, 0.0, 60.0, 60.0, 40.0, 30.0
G2, 290.0, 40.0, 25.0, 50.0, 35.0, 25.0
G1, 170.0, 50.0, 60.0, 60.0, 40.0, 30.0
G1, 240.0, 75.0, 60.0, 60.0, 40.0, 30.0
G2, 610.0, 40.0, 25.0, 50.0, 35.0, 25.0
G1, 170.0, 90.0, 60.0, 60.0, 40.0, 30.0
G2, 0.0, 70.0, 25.0, 50.0, 35.0, 25.0
G2, 0.0, 105.0, 25.0, 50.0, 35.0, 25.0
G2, 170.0, 130.0, 25.0, 50.0, 35.0, 25.0
G4, 50.0, 0.0, 100.0, 80.0, 60.0, 50.0
G2, 560.0, 135.0, 25.0, 50.0, 35.0, 25.0
G1, 240.0, 115.0, 60.0, 60.0, 40.0, 30.0
G1, 460.0, 120.0, 60.0, 60.0, 40.0, 30.0
G4, 340.0, 0.0, 100.0, 80.0, 60.0, 50.0
G2, 610.0, 135.0, 25.0, 50.0, 35.0, 25.0
G1, 340.0, 160.0, 60.0, 60.0, 40.0, 30.0
G5, 130.0, 0.0, 60.0, 40.0, 40.0, 60.0
G1, 170.0, 165.0, 60.0, 60.0, 40.0, 30.0
G4, 50.0, 60.0, 100.0, 80.0, 60.0, 50.0
G2, 0.0, 140.0, 25.0, 50.0, 35.0, 25.0
G2, 460.0, 160.0, 25.0, 50.0, 35.0, 25.0
G1, 560.0, 170.0, 60.0, 60.0, 40.0, 30.0
G2, 510.0, 160.0, 25.0, 50.0, 35.0, 25.0
G1, 620.0, 170.0, 60.0, 60.0, 40.0, 30.0
G5, 240.0, 0.0, 60.0, 40.0, 40.0, 60.0
G1, 50.0, 180.0, 60.0, 60.0, 40.0, 30.0
G2, 0.0, 175.0, 25.0, 50.0, 35.0, 25.0
G2, 110.0, 180.0, 25.0, 50.0, 35.0, 25.0
G5, 420.0, 0.0, 60.0, 40.0, 40.0, 60.0
G2, 340.0, 200.0, 25.0, 50.0, 35.0, 25.0
G4, 340.0, 60.0, 100.0, 80.0, 60.0, 50.0
G1, 460.0, 195.0, 60.0, 60.0, 40.0, 30.0
G2, 240.0, 205.0, 25.0, 50.0, 35.0, 25.0
G1, 390.0, 200.0, 60.0, 60.0, 40.0, 30.0
G2, 0.0, 210.0, 25.0, 50.0, 35.0, 25.0
G2, 560.0, 210.0, 25.0, 50.0, 35.0, 25.0
G1, 240.0, 155.0, 70.0, 60.0, 40.0, 30.0
G2, 610.0, 210.0, 25.0, 50.0, 35.0, 25.0
G5, 610.0, 0.0, 60.0, 40.0, 40.0, 60.0
G1, 280.0, 0.0, 90.0, 60.0, 40.0, 30.0
G1, 170.0, 50.0, 90.0, 60.0, 40.0, 30.0
G4, 560.0, 75.0, 100.0, 80.0, 60.0, 50.0
G4, 50.0, 120.0, 100.0, 80.0, 60.0, 50.0
G1, 240.0, 75.0, 90.0, 60.0, 40.0, 30.0
G2, 0.0, 0.0, 50.0, 50.0, 35.0, 25.0
G1, 170.0, 90.0, 90.0, 60.0, 40.0, 30.0
G1, 240.0, 115.0, 90.0, 60.0, 40.0, 30.0
G1, 460.0, 120.0, 90.0, 60.0, 40.0, 30.0
G1, 340.0, 160.0, 90.0, 60.0, 40.0, 30.0
G1, 170.0, 165.0, 90.0, 60.0, 40.0, 30.0
G5, 560.0, 35.0, 60.0, 40.0, 40.0, 60.0
G2, 460.0, 0.0, 50.0, 50.0, 35.0, 25.0
G1, 560.0, 170.0, 90.0, 60.0, 40.0, 30.0
G2, 510.0, 0.0, 50.0, 50.0, 35.0, 25.0
G1, 620.0, 170.0, 90.0, 60.0, 40.0, 30.0
G4, 50.0, 0.0, 150.0, 80.0, 60.0, 50.0
G1, 50.0, 180.0, 90.0, 60.0, 40.0, 30.0
G5, 130.0, 40.0, 60.0, 40.0, 40.0, 60.0
G1, 460.0, 195.0, 90.0, 60.0, 40.0, 30.0
G1, 390.0, 200.0, 90.0, 60.0, 40.0, 30.0
G1, 240.0, 155.0, 100.0, 60.0, 40.0, 30.0
G1, 280.0, 0.0, 120.0, 60.0, 40.0, 30.0
G1, 170.0, 50.0, 120.0, 60.0, 40.0, 30.0
G5, 420.0, 40.0, 60.0, 40.0, 40.0, 60.0
G2, 560.0, 0.0, 50.0, 50.0, 35.0, 25.0
G2, 0.0, 35.0, 50.0, 50.0, 35.0, 25.0
G1, 240.0, 75.0, 120.0, 60.0, 40.0, 30.0
G4, 340.0, 0.0, 150.0, 80.0, 60.0, 50.0
G1, 170.0, 90.0, 120.0, 60.0, 40.0, 30.0
G2, 460.0, 35.0, 50.0, 50.0, 35.0, 25.0
G2, 510.0, 35.0, 50.0, 50.0, 35.0, 25.0
G2, 240.0, 40.0, 50.0, 50.0, 35.0, 25.0
G2, 290.0, 40.0, 50.0, 50.0, 35.0, 25.0
G1, 240.0, 115.0, 120.0, 60.0, 40.0, 30.0
G5, 640.0, 75.0, 60.0, 40.0, 40.0, 60.0
G2, 610.0, 40.0, 50.0, 50.0, 35.0, 25.0
G2, 0.0, 70.0, 50.0, 50.0, 35.0, 25.0
G2, 0.0, 105.0, 50.0, 50.0, 35.0, 25.0
G5, 130.0, 80.0, 60.0, 40.0, 40.0, 60.0
G2, 170.0, 130.0, 50.0, 50.0, 35.0, 25.0
G4, 50.0, 60.0, 150.0, 80.0, 60.0, 50.0
G5, 420.0, 80.0, 60.0, 40.0, 40.0, 60.0
G1, 460.0, 120.0, 120.0, 60.0, 40.0, 30.0
G5, 520.0, 120.0, 60.0, 40.0, 40.0, 60.0
G2, 560.0, 135.0, 50.0, 50.0, 35.0, 25.0
G2, 610.0, 135.0, 50.0, 50.0, 35.0, 25.0
G4, 340.0, 60.0, 150.0, 80.0, 60.0, 50.0
G4, 560.0, 75.0, 150.0, 80.0, 60.0, 50.0
G2, 0.0, 140.0, 50.0, 50.0, 35.0, 25.0
G2, 460.0, 160.0, 50.0, 50.0, 35.0, 25.0
G2, 510.0, 160.0, 50.0, 50.0, 35.0, 25.0
G1, 340.0, 160.0, 120.0, 60.0, 40.0, 30.0
G1, 170.0, 165.0, 120.0, 60.0, 40.0, 30.0
G1, 560.0, 170.0, 120.0, 60.0, 40.0, 30.0
G1, 620.0, 170.0, 120.0, 60.0, 40.0, 30.0
G2, 0.0, 175.0, 50.0, 50.0, 35.0, 25.0
G2, 110.0, 180.0, 50.0, 50.0, 35.0, 25.0
G2, 340.0, 200.0, 50.0, 50.0, 35.0, 25.0
G5, 520.0, 195.0, 70.0, 40.0, 40.0, 60.0
G2, 240.0, 205.0, 50.0, 50.0, 35.0, 25.0
G1, 50.0, 180.0, 120.0, 60.0, 40.0, 30.0
G5, 290.0, 205.0, 70.0, 40.0, 40.0, 60.0
G1, 460.0, 195.0, 120.0, 60.0, 40.0, 30.0
G5, 340.0, 120.0, 90.0, 40.0, 40.0, 60.0
G5, 400.0, 120.0, 90.0, 40.0, 40.0, 60.0
G1, 390.0, 200.0, 120.0, 60.0, 40.0, 30.0
G2, 0.0, 210.0, 50.0, 50.0, 35.0, 25.0
G1, 240.0, 155.0, 130.0, 60.0, 40.0, 30.0
G2, 560.0, 210.0, 50.0, 50.0, 35.0, 25.0
G1, 280.0, 0.0, 150.0, 60.0, 40.0, 30.0
G2, 610.0, 210.0, 50.0, 50.0, 35.0, 25.0
G1, 50.0, 120.0, 150.0, 60.0, 40.0, 30.0
G1, 460.0, 120.0, 150.0, 60.0, 40.0, 30.0
G2, 0.0, 0.0, 75.0, 50.0, 35.0, 25.0
G1, 170.0, 165.0, 150.0, 60.0, 40.0, 30.0
G2, 460.0, 0.0, 75.0, 50.0, 35.0, 25.0
G5, 170.0, 0.0, 100.0, 40.0, 40.0, 60.0
G2, 510.0, 0.0, 75.0, 50.0, 35.0, 25.0
G1, 560.0, 170.0, 150.0, 60.0, 40.0, 30.0
G2, 560.0, 0.0, 75.0, 50.0, 35.0, 25.0
G2, 0.0, 35.0, 75.0, 50.0, 35.0, 25.0
G2, 460.0, 35.0, 75.0, 50.0, 35.0, 25.0
G5, 460.0, 70.0, 100.0, 40.0, 40.0, 60.0
G2, 240.0, 40.0, 75.0, 50.0, 35.0, 25.0
G2, 290.0, 40.0, 75.0, 50.0, 35.0, 25.0
G2, 610.0, 40.0, 75.0, 50.0, 35.0, 25.0
G2, 0.0, 70.0, 75.0, 50.0, 35.0, 25.0
G5, 170.0, 205.0, 110.0, 40.0, 40.0, 60.0
G2, 0.0, 105.0, 75.0, 50.0, 35.0, 25.0
G1, 50.0, 180.0, 150.0, 60.0, 40.0, 30.0
G5, 610.0, 0.0, 120.0, 40.0, 40.0, 60.0
G2, 170.0, 130.0, 75.0, 50.0, 35.0, 25.0
G5, 520.0, 195.0, 130.0, 40.0, 40.0, 60.0
G2, 560.0, 135.0, 75.0, 50.0, 35.0, 25.0
G1, 460.0, 195.0, 150.0, 60.0, 40.0, 30.0
G1, 390.0, 200.0, 150.0, 60.0, 40.0, 30.0
G2, 610.0, 135.0, 75.0, 50.0, 35.0, 25.0
G5, 290.0, 205.0, 130.0, 40.0, 40.0, 60.0
G5, 240.0, 75.0, 150.0, 40.0, 40.0, 60.0
G1, 240.0, 155.0, 160.0, 60.0, 40.0, 30.0
G2, 0.0, 140.0, 75.0, 50.0, 35.0, 25.0
G1, 50.0, 120.0, 180.0, 60.0, 40.0, 30.0
G1, 460.0, 120.0, 180.0, 60.0, 40.0, 30.0
G2, 460.0, 160.0, 75.0, 50.0, 35.0, 25.0
G1, 170.0, 165.0, 180.0, 60.0, 40.0, 30.0
G2, 0.0, 175.0, 75.0, 50.0, 35.0, 25.0
G5, 240.0, 115.0, 150.0, 40.0, 40.0, 60.0
G1, 50.0, 180.0, 180.0, 60.0, 40.0, 30.0
G1, 240.0, 155.0, 190.0, 60.0, 40.0, 30.0
G2, 110.0, 180.0, 75.0, 50.0, 35.0, 25.0
G2, 240.0, 205.0, 75.0, 50.0, 35.0, 25.0
G2, 0.0, 210.0, 75.0, 50.0, 35.0, 25.0
G2, 0.0, 0.0, 100.0, 50.0, 35.0, 25.0
G2, 460.0, 0.0, 100.0, 50.0, 35.0, 25.0
G2, 0.0, 35.0, 100.0, 50.0, 35.0, 25.0
G1, 50.0, 0.0, 200.0, 60.0, 40.0, 30.0
G5, 340.0, 120.0, 150.0, 40.0, 40.0, 60.0
G2, 610.0, 40.0, 100.0, 50.0, 35.0, 25.0
G1, 50.0, 60.0, 200.0, 60.0, 40.0, 30.0
G1, 340.0, 60.0, 200.0, 60.0, 40.0, 30.0
G5, 340.0, 160.0, 150.0, 40.0, 40.0, 60.0
G2, 0.0, 70.0, 100.0, 50.0, 35.0, 25.0
G1, 560.0, 75.0, 200.0, 60.0, 40.0, 30.0
G5, 170.0, 205.0, 170.0, 40.0, 40.0, 60.0
G2, 0.0, 105.0, 100.0, 50.0, 35.0, 25.0
G5, 610.0, 0.0, 180.0, 40.0, 40.0, 60.0
G1, 110.0, 215.0, 0.0, 60.0, 30.0, 40.0
G2, 170.0, 130.0, 100.0, 50.0, 35.0, 25.0
G5, 460.0, 195.0, 180.0, 40.0, 40.0, 60.0
G2, 560.0, 135.0, 100.0, 50.0, 35.0, 25.0
G1, 110.0, 215.0, 40.0, 60.0, 30.0, 40.0
G1, 280.0, 0.0, 180.0, 60.0, 30.0, 40.0
G2, 0.0, 140.0, 100.0, 50.0, 35.0, 25.0
G2, 240.0, 205.0, 100.0, 50.0, 35.0, 25.0
G2, 170.0, 130.0, 125.0, 50.0, 35.0, 25.0
G1, 340.0, 0.0, 200.0, 60.0, 30.0, 40.0
G2, 560.0, 135.0, 125.0, 50.0, 35.0, 25.0
G1, 300.0, 75.0, 60.0, 40.0, 30.0, 60.0
G1, 340.0, 200.0, 75.0, 40.0, 30.0, 60.0
G1, 460.0, 35.0, 100.0, 40.0, 30.0, 60.0
G2, 240.0, 205.0, 125.0, 50.0, 35.0, 25.0
G1, 610.0, 135.0, 100.0, 40.0, 30.0, 60.0
G1, 0.0, 175.0, 100.0, 40.0, 30.0, 60.0
G1, 0.0, 210.0, 100.0, 40.0, 30.0, 60.0
G1, 130.0, 0.0, 120.0, 40.0, 30.0, 60.0
G2, 170.0, 50.0, 150.0, 50.0, 35.0, 25.0
G2, 240.0, 205.0, 150.0, 50.0, 35.0, 25.0
G2, 240.0, 205.0, 175.0, 50.0, 35.0, 25.0
G1, 240.0, 0.0, 120.0, 40.0, 30.0, 60.0
G1, 0.0, 0.0, 125.0, 40.0, 30.0, 60.0
G2, 240.0, 205.0, 200.0, 50.0, 35.0, 25.0
G2, 460.0, 120.0, 210.0, 50.0, 35.0, 25.0
G2, 50.0, 220.0, 0.0, 50.0, 25.0, 35.0
G1, 0.0, 35.0, 125.0, 40.0, 30.0, 60.0
G2, 50.0, 220.0, 35.0, 50.0, 25.0, 35.0
G2, 110.0, 215.0, 80.0, 50.0, 25.0, 35.0
G2, 510.0, 0.0, 100.0, 50.0, 25.0, 35.0
G2, 560.0, 0.0, 100.0, 50.0, 25.0, 35.0
G2, 460.0, 0.0, 125.0, 50.0, 25.0, 35.0
G2, 610.0, 40.0, 125.0, 50.0, 25.0, 35.0
G2, 510.0, 0.0, 135.0, 50.0, 25.0, 35.0
G2, 170.0, 130.0, 150.0, 50.0, 25.0, 35.0
G1, 0.0, 70.0, 125.0, 40.0, 30.0, 60.0
G1, 0.0, 105.0, 125.0, 40.0, 30.0, 60.0
G1, 0.0, 140.0, 125.0, 40.0, 30.0, 60.0
G2, 460.0, 0.0, 160.0, 50.0, 25.0, 35.0
G1, 170.0, 0.0, 160.0, 40.0, 30.0, 60.0
G2, 170.0, 50.0, 175.0, 50.0, 25.0, 35.0
G2, 170.0, 50.0, 210.0, 50.0, 25.0, 35.0
G2, 240.0, 40.0, 100.0, 35.0, 25.0, 50.0
G1, 0.0, 175.0, 160.0, 40.0, 30.0, 60.0
G2, 420.0, 0.0, 120.0, 35.0, 25.0, 50.0
G2, 300.0, 75.0, 120.0, 35.0, 25.0, 50.0
G1, 0.0, 210.0, 160.0, 40.0, 30.0, 60.0
G2, 520.0, 120.0, 120.0, 35.0, 25.0, 50.0
G1, 130.0, 0.0, 180.0, 40.0, 30.0, 60.0
G1, 0.0, 0.0, 185.0, 40.0, 30.0, 60.0
G2, 560.0, 0.0, 135.0, 35.0, 25.0, 50.0
G1, 0.0, 70.0, 185.0, 40.0, 30.0, 60.0
G2, 240.0, 40.0, 150.0, 35.0, 25.0, 50.0
G2, 420.0, 0.0, 170.0, 35.0, 25.0, 50.0
G1, 530.0, 70.0, 0.0, 30.0, 40.0, 60.0
G1, 500.0, 70.0, 40.0, 30.0, 40.0, 60.0
G2, 240.0, 0.0, 180.0, 35.0, 25.0, 50.0
G2, 0.0, 140.0, 185.0, 35.0, 25.0, 50.0
G2, 460.0, 0.0, 195.0, 35.0, 25.0, 50.0
G1, 500.0, 70.0, 100.0, 30.0, 40.0, 60.0
G2, 310.0, 155.0, 0.0, 25.0, 50.0, 35.0
G2, 310.0, 155.0, 35.0, 25.0, 50.0, 35.0
G2, 210.0, 0.0, 40.0, 25.0, 50.0, 35.0
G2, 310.0, 155.0, 70.0, 25.0, 50.0, 35.0
G1, 500.0, 70.0, 160.0, 30.0, 40.0, 60.0
G2, 210.0, 0.0, 75.0, 25.0, 50.0, 35.0
G2, 310.0, 155.0, 105.0, 25.0, 50.0, 35.0
G2, 210.0, 0.0, 110.0, 25.0, 50.0, 35.0
G2, 310.0, 155.0, 140.0, 25.0, 50.0, 35.0
G2, 310.0, 155.0, 175.0, 25.0, 50.0, 35.0
G2, 650.0, 0.0, 0.0, 25.0, 35.0, 50.0
G2, 650.0, 0.0, 50.0, 25.0, 35.0, 50.0
G2, 530.0, 70.0, 60.0, 25.0, 35.0, 50.0
G2, 650.0, 0.0, 100.0, 25.0, 35.0, 50.0
G2, 530.0, 70.0, 110.0, 25.0, 35.0, 50.0
G2, 210.0, 0.0, 145.0, 25.0, 35.0, 50.0

第3辆车，装载322件，容积利用率 62.22%，重量利用率 39.70%
货物ID, x(cm), y(cm), z(cm), l(cm), w(cm), h(cm)
G2, 0.0, 0.0, 0.0, 50.0, 35.0, 25.0
G4, 50.0, 0.0, 0.0, 80.0, 60.0, 50.0
G2, 130.0, 0.0, 0.0, 50.0, 35.0, 25.0
G2, 180.0, 0.0, 0.0, 50.0, 35.0, 25.0
G4, 230.0, 0.0, 0.0, 80.0, 60.0, 50.0
G2, 310.0, 0.0, 0.0, 50.0, 35.0, 25.0
G1, 360.0, 0.0, 0.0, 60.0, 40.0, 30.0
G3, 420.0, 0.0, 0.0, 70.0, 50.0, 40.0
G1, 490.0, 0.0, 0.0, 60.0, 40.0, 30.0
G1, 550.0, 0.0, 0.0, 60.0, 40.0, 30.0
G3, 610.0, 0.0, 0.0, 70.0, 50.0, 40.0
G1, 130.0, 35.0, 0.0, 60.0, 40.0, 30.0
G2, 0.0, 35.0, 0.0, 50.0, 35.0, 25.0
G5, 190.0, 35.0, 0.0, 40.0, 40.0, 60.0
G4, 490.0, 40.0, 0.0, 80.0, 60.0, 50.0
G1, 360.0, 40.0, 0.0, 60.0, 40.0, 30.0
G5, 310.0, 35.0, 0.0, 40.0, 40.0, 60.0
G2, 420.0, 50.0, 0.0, 50.0, 35.0, 25.0
G2, 610.0, 50.0, 0.0, 50.0, 35.0, 25.0
G4, 50.0, 60.0, 0.0, 80.0, 60.0, 50.0
G4, 230.0, 60.0, 0.0, 80.0, 60.0, 50.0
G1, 130.0, 75.0, 0.0, 60.0, 40.0, 30.0
G2, 0.0, 70.0, 0.0, 50.0, 35.0, 25.0
G2, 310.0, 75.0, 0.0, 50.0, 35.0, 25.0
G5, 570.0, 40.0, 0.0, 40.0, 40.0, 60.0
G2, 360.0, 80.0, 0.0, 50.0, 35.0, 25.0
G3, 420.0, 85.0, 0.0, 70.0, 50.0, 40.0
G4, 490.0, 100.0, 0.0, 80.0, 60.0, 50.0
G1, 610.0, 85.0, 0.0, 60.0, 40.0, 30.0
G2, 0.0, 105.0, 0.0, 50.0, 35.0, 25.0
G5, 190.0, 75.0, 0.0, 40.0, 40.0, 60.0
G1, 130.0, 115.0, 0.0, 60.0, 40.0, 30.0
G2, 310.0, 110.0, 0.0, 50.0, 35.0, 25.0
G2, 360.0, 115.0, 0.0, 50.0, 35.0, 25.0
G4, 50.0, 120.0, 0.0, 80.0, 60.0, 50.0
G3, 230.0, 120.0, 0.0, 70.0, 50.0, 40.0
G4, 360.0, 150.0, 0.0, 80.0, 60.0, 50.0
G3, 610.0, 125.0, 0.0, 70.0, 50.0, 40.0
G1, 130.0, 155.0, 0.0, 60.0, 40.0, 30.0
G4, 490.0, 160.0, 0.0, 80.0, 60.0, 50.0
G2, 0.0, 140.0, 0.0, 50.0, 35.0, 25.0
G1, 230.0, 170.0, 0.0, 60.0, 40.0, 30.0
G4, 50.0, 180.0, 0.0, 80.0, 60.0, 50.0
G2, 310.0, 145.0, 0.0, 50.0, 35.0, 25.0
G5, 570.0, 80.0, 0.0, 40.0, 40.0, 60.0
G1, 610.0, 175.0, 0.0, 60.0, 40.0, 30.0
G1, 130.0, 195.0, 0.0, 60.0, 40.0, 30.0
G3, 440.0, 150.0, 0.0, 50.0, 70.0, 40.0
G5, 190.0, 115.0, 0.0, 40.0, 40.0, 60.0
G1, 360.0, 0.0, 30.0, 60.0, 40.0, 30.0
G5, 570.0, 120.0, 0.0, 40.0, 40.0, 60.0
G5, 190.0, 155.0, 0.0, 40.0, 40.0, 60.0
G2, 0.0, 175.0, 0.0, 50.0, 35.0, 25.0
G2, 310.0, 180.0, 0.0, 50.0, 35.0, 25.0
G2, 0.0, 210.0, 0.0, 50.0, 35.0, 25.0
G4, 50.0, 0.0, 50.0, 80.0, 60.0, 50.0
G4, 230.0, 0.0, 50.0, 80.0, 60.0, 50.0
G5, 570.0, 160.0, 0.0, 40.0, 40.0, 60.0
G2, 230.0, 210.0, 0.0, 50.0, 35.0, 25.0
G5, 190.0, 195.0, 0.0, 40.0, 40.0, 60.0
G1, 490.0, 0.0, 30.0, 60.0, 40.0, 30.0
G1, 550.0, 0.0, 30.0, 60.0, 40.0, 30.0
G5, 570.0, 200.0, 0.0, 40.0, 40.0, 60.0
G1, 130.0, 35.0, 30.0, 60.0, 40.0, 30.0
G1, 360.0, 40.0, 30.0, 60.0, 40.0, 30.0
G4, 490.0, 40.0, 50.0, 80.0, 60.0, 50.0
G5, 130.0, 75.0, 30.0, 40.0, 40.0, 60.0
G5, 610.0, 85.0, 30.0, 40.0, 40.0, 60.0
G4, 50.0, 60.0, 50.0, 80.0, 60.0, 50.0
G4, 230.0, 60.0, 50.0, 80.0, 60.0, 50.0
G4, 490.0, 100.0, 50.0, 80.0, 60.0, 50.0
G2, 360.0, 210.0, 0.0, 50.0, 35.0, 25.0
G2, 0.0, 0.0, 25.0, 50.0, 35.0, 25.0
G4, 50.0, 120.0, 50.0, 80.0, 60.0, 50.0
G2, 130.0, 0.0, 25.0, 50.0, 35.0, 25.0
G1, 130.0, 115.0, 30.0, 60.0, 40.0, 30.0
G1, 130.0, 155.0, 30.0, 60.0, 40.0, 30.0
G4, 360.0, 150.0, 50.0, 80.0, 60.0, 50.0
G1, 230.0, 170.0, 30.0, 60.0, 40.0, 30.0
G1, 610.0, 175.0, 30.0, 60.0, 40.0, 30.0
G1, 130.0, 195.0, 30.0, 60.0, 40.0, 30.0
G2, 180.0, 0.0, 25.0, 50.0, 35.0, 25.0
G1, 420.0, 0.0, 40.0, 60.0, 40.0, 30.0
G2, 310.0, 0.0, 25.0, 50.0, 35.0, 25.0
G4, 490.0, 160.0, 50.0, 80.0, 60.0, 50.0
G2, 0.0, 35.0, 25.0, 50.0, 35.0, 25.0
G5, 610.0, 0.0, 40.0, 40.0, 40.0, 60.0
G2, 420.0, 50.0, 25.0, 50.0, 35.0, 25.0
G2, 610.0, 50.0, 25.0, 50.0, 35.0, 25.0
G2, 0.0, 70.0, 25.0, 50.0, 35.0, 25.0
G2, 310.0, 75.0, 25.0, 50.0, 35.0, 25.0
G5, 420.0, 85.0, 40.0, 40.0, 40.0, 60.0
G5, 230.0, 120.0, 40.0, 40.0, 40.0, 60.0
G4, 50.0, 180.0, 50.0, 80.0, 60.0, 50.0
G1, 610.0, 125.0, 40.0, 60.0, 40.0, 30.0
G2, 360.0, 80.0, 25.0, 50.0, 35.0, 25.0
G2, 0.0, 105.0, 25.0, 50.0, 35.0, 25.0
G1, 360.0, 0.0, 60.0, 60.0, 40.0, 30.0
G1, 490.0, 0.0, 60.0, 60.0, 40.0, 30.0
G1, 550.0, 0.0, 60.0, 60.0, 40.0, 30.0
G2, 310.0, 110.0, 25.0, 50.0, 35.0, 25.0
G4, 50.0, 0.0, 100.0, 80.0, 60.0, 50.0
G2, 360.0, 115.0, 25.0, 50.0, 35.0, 25.0
G2, 0.0, 140.0, 25.0, 50.0, 35.0, 25.0
G2, 310.0, 145.0, 25.0, 50.0, 35.0, 25.0
G2, 0.0, 175.0, 25.0, 50.0, 35.0, 25.0
G4, 230.0, 0.0, 100.0, 80.0, 60.0, 50.0
G2, 310.0, 180.0, 25.0, 50.0, 35.0, 25.0
G5, 440.0, 150.0, 40.0, 40.0, 40.0, 60.0
G4, 490.0, 40.0, 100.0, 80.0, 60.0, 50.0
G2, 0.0, 210.0, 25.0, 50.0, 35.0, 25.0
G2, 230.0, 210.0, 25.0, 50.0, 35.0, 25.0
G1, 130.0, 35.0, 60.0, 60.0, 40.0, 30.0
G1, 360.0, 40.0, 60.0, 60.0, 40.0, 30.0
G2, 360.0, 210.0, 25.0, 50.0, 35.0, 25.0
G2, 0.0, 0.0, 50.0, 50.0, 35.0, 25.0
G4, 50.0, 60.0, 100.0, 80.0, 60.0, 50.0
G2, 130.0, 0.0, 50.0, 50.0, 35.0, 25.0
G2, 180.0, 0.0, 50.0, 50.0, 35.0, 25.0
G5, 190.0, 35.0, 60.0, 40.0, 40.0, 60.0
G5, 310.0, 35.0, 60.0, 40.0, 40.0, 60.0
G5, 570.0, 40.0, 60.0, 40.0, 40.0, 60.0
G2, 310.0, 0.0, 50.0, 50.0, 35.0, 25.0
G5, 190.0, 75.0, 60.0, 40.0, 40.0, 60.0
G1, 130.0, 115.0, 60.0, 60.0, 40.0, 30.0
G2, 0.0, 35.0, 50.0, 50.0, 35.0, 25.0
G5, 570.0, 80.0, 60.0, 40.0, 40.0, 60.0
G1, 130.0, 155.0, 60.0, 60.0, 40.0, 30.0
G5, 190.0, 115.0, 60.0, 40.0, 40.0, 60.0
G1, 230.0, 170.0, 60.0, 60.0, 40.0, 30.0
G1, 610.0, 175.0, 60.0, 60.0, 40.0, 30.0
G4, 230.0, 60.0, 100.0, 80.0, 60.0, 50.0
G4, 490.0, 100.0, 100.0, 80.0, 60.0, 50.0
G2, 420.0, 50.0, 50.0, 50.0, 35.0, 25.0
G2, 610.0, 50.0, 50.0, 50.0, 35.0, 25.0
G2, 0.0, 70.0, 50.0, 50.0, 35.0, 25.0
G2, 310.0, 75.0, 50.0, 50.0, 35.0, 25.0
G5, 570.0, 120.0, 60.0, 40.0, 40.0, 60.0
G5, 190.0, 155.0, 60.0, 40.0, 40.0, 60.0
G5, 570.0, 160.0, 60.0, 40.0, 40.0, 60.0
G2, 360.0, 80.0, 50.0, 50.0, 35.0, 25.0
G1, 130.0, 195.0, 60.0, 60.0, 40.0, 30.0
G2, 0.0, 105.0, 50.0, 50.0, 35.0, 25.0
G1, 420.0, 0.0, 70.0, 60.0, 40.0, 30.0
G2, 310.0, 110.0, 50.0, 50.0, 35.0, 25.0
G2, 360.0, 115.0, 50.0, 50.0, 35.0, 25.0
G5, 190.0, 195.0, 60.0, 40.0, 40.0, 60.0
G1, 610.0, 125.0, 70.0, 60.0, 40.0, 30.0
G1, 360.0, 0.0, 90.0, 60.0, 40.0, 30.0
G5, 570.0, 200.0, 60.0, 40.0, 40.0, 60.0
G2, 0.0, 140.0, 50.0, 50.0, 35.0, 25.0
G1, 490.0, 0.0, 90.0, 60.0, 40.0, 30.0
G1, 550.0, 0.0, 90.0, 60.0, 40.0, 30.0
G1, 130.0, 35.0, 90.0, 60.0, 40.0, 30.0
G2, 310.0, 145.0, 50.0, 50.0, 35.0, 25.0
G4, 50.0, 120.0, 100.0, 80.0, 60.0, 50.0
G4, 360.0, 150.0, 100.0, 80.0, 60.0, 50.0
G1, 360.0, 40.0, 90.0, 60.0, 40.0, 30.0
G1, 230.0, 170.0, 90.0, 60.0, 40.0, 30.0
G2, 0.0, 175.0, 50.0, 50.0, 35.0, 25.0
G5, 130.0, 75.0, 90.0, 40.0, 40.0, 60.0
G2, 310.0, 180.0, 50.0, 50.0, 35.0, 25.0
G1, 610.0, 175.0, 90.0, 60.0, 40.0, 30.0
G2, 0.0, 210.0, 50.0, 50.0, 35.0, 25.0
G1, 420.0, 0.0, 100.0, 60.0, 40.0, 30.0
G1, 490.0, 160.0, 100.0, 60.0, 40.0, 30.0
G1, 50.0, 180.0, 100.0, 60.0, 40.0, 30.0
G5, 130.0, 115.0, 90.0, 40.0, 40.0, 60.0
G2, 230.0, 210.0, 50.0, 50.0, 35.0, 25.0
G1, 360.0, 0.0, 120.0, 60.0, 40.0, 30.0
G1, 490.0, 0.0, 120.0, 60.0, 40.0, 30.0
G1, 550.0, 0.0, 120.0, 60.0, 40.0, 30.0
G4, 50.0, 0.0, 150.0, 80.0, 60.0, 50.0
G2, 360.0, 210.0, 50.0, 50.0, 35.0, 25.0
G1, 130.0, 35.0, 120.0, 60.0, 40.0, 30.0
G2, 0.0, 0.0, 75.0, 50.0, 35.0, 25.0
G2, 130.0, 0.0, 75.0, 50.0, 35.0, 25.0
G1, 360.0, 40.0, 120.0, 60.0, 40.0, 30.0
G2, 180.0, 0.0, 75.0, 50.0, 35.0, 25.0
G2, 310.0, 0.0, 75.0, 50.0, 35.0, 25.0
G2, 0.0, 35.0, 75.0, 50.0, 35.0, 25.0
G1, 230.0, 170.0, 120.0, 60.0, 40.0, 30.0
G4, 230.0, 0.0, 150.0, 80.0, 60.0, 50.0
G2, 420.0, 50.0, 75.0, 50.0, 35.0, 25.0
G2, 0.0, 70.0, 75.0, 50.0, 35.0, 25.0
G1, 610.0, 175.0, 120.0, 60.0, 40.0, 30.0
G1, 490.0, 160.0, 130.0, 60.0, 40.0, 30.0
G2, 310.0, 75.0, 75.0, 50.0, 35.0, 25.0
G1, 50.0, 180.0, 130.0, 60.0, 40.0, 30.0
G4, 230.0, 60.0, 150.0, 80.0, 60.0, 50.0
G5, 130.0, 155.0, 90.0, 40.0, 40.0, 60.0
G4, 360.0, 150.0, 150.0, 80.0, 60.0, 50.0
G5, 130.0, 195.0, 90.0, 40.0, 40.0, 60.0
G2, 360.0, 80.0, 75.0, 50.0, 35.0, 25.0
G1, 490.0, 0.0, 150.0, 60.0, 40.0, 30.0
G2, 0.0, 105.0, 75.0, 50.0, 35.0, 25.0
G1, 50.0, 60.0, 150.0, 60.0, 40.0, 30.0
G5, 610.0, 0.0, 100.0, 40.0, 40.0, 60.0
G1, 490.0, 100.0, 150.0, 60.0, 40.0, 30.0
G1, 50.0, 120.0, 150.0, 60.0, 40.0, 30.0
G2, 310.0, 110.0, 75.0, 50.0, 35.0, 25.0
G2, 360.0, 115.0, 75.0, 50.0, 35.0, 25.0
G1, 230.0, 170.0, 150.0, 60.0, 40.0, 30.0
G2, 0.0, 140.0, 75.0, 50.0, 35.0, 25.0
G2, 310.0, 145.0, 75.0, 50.0, 35.0, 25.0
G2, 0.0, 175.0, 75.0, 50.0, 35.0, 25.0
G2, 310.0, 180.0, 75.0, 50.0, 35.0, 25.0
G1, 610.0, 175.0, 150.0, 60.0, 40.0, 30.0
G1, 490.0, 160.0, 160.0, 60.0, 40.0, 30.0
G5, 420.0, 85.0, 100.0, 40.0, 40.0, 60.0
G1, 50.0, 180.0, 160.0, 60.0, 40.0, 30.0
G1, 50.0, 60.0, 180.0, 60.0, 40.0, 30.0
G1, 490.0, 100.0, 180.0, 60.0, 40.0, 30.0
G5, 230.0, 120.0, 100.0, 40.0, 40.0, 60.0
G2, 0.0, 210.0, 75.0, 50.0, 35.0, 25.0
G5, 440.0, 150.0, 100.0, 40.0, 40.0, 60.0
G2, 230.0, 210.0, 75.0, 50.0, 35.0, 25.0
G2, 360.0, 210.0, 75.0, 50.0, 35.0, 25.0
G2, 0.0, 0.0, 100.0, 50.0, 35.0, 25.0
G5, 360.0, 0.0, 150.0, 40.0, 40.0, 60.0
G2, 130.0, 0.0, 100.0, 50.0, 35.0, 25.0
G2, 310.0, 0.0, 100.0, 50.0, 35.0, 25.0
G1, 50.0, 120.0, 180.0, 60.0, 40.0, 30.0
G1, 490.0, 160.0, 190.0, 60.0, 40.0, 30.0
G2, 0.0, 35.0, 100.0, 50.0, 35.0, 25.0
G1, 50.0, 180.0, 190.0, 60.0, 40.0, 30.0
G5, 360.0, 40.0, 150.0, 40.0, 40.0, 60.0
G1, 50.0, 0.0, 200.0, 60.0, 40.0, 30.0
G2, 0.0, 70.0, 100.0, 50.0, 35.0, 25.0
G5, 490.0, 40.0, 150.0, 40.0, 40.0, 60.0
G2, 0.0, 105.0, 100.0, 50.0, 35.0, 25.0
G1, 230.0, 0.0, 200.0, 60.0, 40.0, 30.0
G2, 0.0, 140.0, 100.0, 50.0, 35.0, 25.0
G5, 440.0, 150.0, 160.0, 40.0, 40.0, 60.0
G2, 310.0, 145.0, 100.0, 50.0, 35.0, 25.0
G2, 0.0, 175.0, 100.0, 50.0, 35.0, 25.0
G2, 310.0, 180.0, 100.0, 50.0, 35.0, 25.0
G1, 230.0, 60.0, 200.0, 60.0, 40.0, 30.0
G1, 360.0, 150.0, 200.0, 60.0, 40.0, 30.0
G2, 360.0, 210.0, 100.0, 50.0, 35.0, 25.0
G1, 490.0, 100.0, 210.0, 60.0, 40.0, 30.0
G2, 420.0, 0.0, 130.0, 50.0, 35.0, 25.0
G2, 550.0, 0.0, 150.0, 50.0, 35.0, 25.0
G1, 610.0, 215.0, 0.0, 60.0, 30.0, 40.0
G2, 420.0, 0.0, 155.0, 50.0, 35.0, 25.0
G2, 550.0, 0.0, 175.0, 50.0, 35.0, 25.0
G1, 610.0, 215.0, 40.0, 60.0, 30.0, 40.0
G2, 420.0, 0.0, 180.0, 50.0, 35.0, 25.0
G2, 490.0, 0.0, 180.0, 50.0, 35.0, 25.0
G1, 610.0, 215.0, 80.0, 60.0, 30.0, 40.0
G2, 550.0, 0.0, 200.0, 50.0, 35.0, 25.0
G2, 420.0, 0.0, 205.0, 50.0, 35.0, 25.0
G1, 310.0, 215.0, 0.0, 40.0, 30.0, 60.0
G1, 440.0, 190.0, 40.0, 40.0, 30.0, 60.0
G2, 490.0, 0.0, 205.0, 50.0, 35.0, 25.0
G1, 310.0, 215.0, 60.0, 40.0, 30.0, 60.0
G1, 310.0, 75.0, 100.0, 40.0, 30.0, 60.0
G2, 490.0, 160.0, 220.0, 50.0, 35.0, 25.0
G2, 440.0, 220.0, 0.0, 50.0, 25.0, 35.0
G1, 310.0, 110.0, 100.0, 40.0, 30.0, 60.0
G2, 490.0, 220.0, 0.0, 50.0, 25.0, 35.0
G2, 440.0, 220.0, 35.0, 50.0, 25.0, 35.0
G2, 490.0, 220.0, 35.0, 50.0, 25.0, 35.0
G1, 0.0, 210.0, 100.0, 40.0, 30.0, 60.0
G2, 440.0, 220.0, 70.0, 50.0, 25.0, 35.0
G1, 310.0, 215.0, 120.0, 40.0, 30.0, 60.0
G2, 490.0, 220.0, 70.0, 50.0, 25.0, 35.0
G1, 0.0, 0.0, 125.0, 40.0, 30.0, 60.0
G2, 610.0, 50.0, 75.0, 50.0, 25.0, 35.0
G2, 180.0, 0.0, 100.0, 50.0, 25.0, 35.0
G2, 420.0, 50.0, 100.0, 50.0, 25.0, 35.0
G2, 440.0, 220.0, 105.0, 50.0, 25.0, 35.0
G1, 0.0, 35.0, 125.0, 40.0, 30.0, 60.0
G2, 490.0, 220.0, 105.0, 50.0, 25.0, 35.0
G2, 610.0, 50.0, 110.0, 50.0, 25.0, 35.0
G2, 130.0, 0.0, 125.0, 50.0, 25.0, 35.0
G1, 0.0, 70.0, 125.0, 40.0, 30.0, 60.0
G1, 0.0, 105.0, 125.0, 40.0, 30.0, 60.0
G1, 0.0, 140.0, 125.0, 40.0, 30.0, 60.0
G2, 310.0, 0.0, 125.0, 50.0, 25.0, 35.0
G2, 310.0, 145.0, 125.0, 50.0, 25.0, 35.0
G1, 0.0, 175.0, 125.0, 40.0, 30.0, 60.0
G2, 180.0, 0.0, 135.0, 50.0, 25.0, 35.0
G2, 420.0, 50.0, 135.0, 50.0, 25.0, 35.0
G2, 610.0, 50.0, 145.0, 50.0, 25.0, 35.0
G1, 310.0, 180.0, 125.0, 40.0, 30.0, 60.0
G2, 130.0, 0.0, 160.0, 50.0, 25.0, 35.0
G1, 130.0, 195.0, 150.0, 40.0, 30.0, 60.0
G2, 310.0, 0.0, 160.0, 50.0, 25.0, 35.0
G1, 610.0, 0.0, 160.0, 40.0, 30.0, 60.0
G1, 0.0, 210.0, 160.0, 40.0, 30.0, 60.0
G1, 310.0, 215.0, 180.0, 40.0, 30.0, 60.0
G1, 0.0, 0.0, 185.0, 40.0, 30.0, 60.0
G2, 310.0, 145.0, 160.0, 50.0, 25.0, 35.0
G2, 420.0, 50.0, 170.0, 50.0, 25.0, 35.0
G2, 610.0, 50.0, 180.0, 50.0, 25.0, 35.0
G1, 0.0, 70.0, 185.0, 40.0, 30.0, 60.0
G2, 190.0, 35.0, 120.0, 35.0, 25.0, 50.0
G2, 570.0, 80.0, 120.0, 35.0, 25.0, 50.0
G2, 190.0, 115.0, 120.0, 35.0, 25.0, 50.0
G1, 0.0, 140.0, 185.0, 40.0, 30.0, 60.0
G2, 570.0, 120.0, 120.0, 35.0, 25.0, 50.0
G2, 570.0, 200.0, 120.0, 35.0, 25.0, 50.0
G2, 440.0, 220.0, 140.0, 35.0, 25.0, 50.0
G2, 310.0, 180.0, 185.0, 35.0, 25.0, 50.0
G1, 650.0, 0.0, 40.0, 30.0, 40.0, 60.0
G2, 440.0, 220.0, 190.0, 35.0, 25.0, 50.0
G2, 130.0, 0.0, 195.0, 35.0, 25.0, 50.0
G2, 310.0, 0.0, 195.0, 35.0, 25.0, 50.0
G2, 310.0, 145.0, 195.0, 35.0, 25.0, 50.0
G2, 460.0, 85.0, 40.0, 25.0, 50.0, 35.0
G1, 270.0, 120.0, 40.0, 30.0, 40.0, 60.0
G1, 650.0, 0.0, 100.0, 30.0, 40.0, 60.0
G2, 460.0, 85.0, 75.0, 25.0, 50.0, 35.0
G2, 460.0, 85.0, 110.0, 25.0, 50.0, 35.0
G2, 460.0, 85.0, 145.0, 25.0, 50.0, 35.0
G1, 270.0, 120.0, 100.0, 30.0, 40.0, 60.0
G2, 280.0, 210.0, 0.0, 25.0, 35.0, 50.0
G2, 410.0, 210.0, 0.0, 25.0, 35.0, 50.0
G2, 280.0, 210.0, 50.0, 25.0, 35.0, 50.0
G2, 410.0, 210.0, 50.0, 25.0, 35.0, 50.0
G1, 650.0, 0.0, 160.0, 30.0, 40.0, 60.0

第4辆车，装载352件，容积利用率 61.37%，重量利用率 41.33%
货物ID, x(cm), y(cm), z(cm), l(cm), w(cm), h(cm)
G5, 0.0, 0.0, 0.0, 40.0, 40.0, 60.0
G1, 40.0, 0.0, 0.0, 60.0, 40.0, 30.0
G2, 100.0, 0.0, 0.0, 50.0, 35.0, 25.0
G1, 150.0, 0.0, 0.0, 60.0, 40.0, 30.0
G2, 210.0, 0.0, 0.0, 50.0, 35.0, 25.0
G1, 260.0, 0.0, 0.0, 60.0, 40.0, 30.0
G1, 320.0, 0.0, 0.0, 60.0, 40.0, 30.0
G2, 380.0, 0.0, 0.0, 50.0, 35.0, 25.0
G1, 430.0, 0.0, 0.0, 60.0, 40.0, 30.0
G2, 490.0, 0.0, 0.0, 50.0, 35.0, 25.0
G1, 540.0, 0.0, 0.0, 60.0, 40.0, 30.0
G2, 600.0, 0.0, 0.0, 50.0, 35.0, 25.0
G5, 100.0, 35.0, 0.0, 40.0, 40.0, 60.0
G2, 210.0, 35.0, 0.0, 50.0, 35.0, 25.0
G4, 600.0, 35.0, 0.0, 80.0, 60.0, 50.0
G5, 380.0, 35.0, 0.0, 40.0, 40.0, 60.0
G4, 0.0, 40.0, 0.0, 80.0, 60.0, 50.0
G1, 150.0, 40.0, 0.0, 60.0, 40.0, 30.0
G1, 260.0, 40.0, 0.0, 60.0, 40.0, 30.0
G1, 320.0, 40.0, 0.0, 60.0, 40.0, 30.0
G3, 430.0, 40.0, 0.0, 70.0, 50.0, 40.0
G2, 500.0, 40.0, 0.0, 50.0, 35.0, 25.0
G5, 550.0, 40.0, 0.0, 40.0, 40.0, 60.0
G5, 210.0, 70.0, 0.0, 40.0, 40.0, 60.0
G2, 100.0, 75.0, 0.0, 50.0, 35.0, 25.0
G1, 150.0, 80.0, 0.0, 60.0, 40.0, 30.0
G1, 260.0, 80.0, 0.0, 60.0, 40.0, 30.0
G2, 380.0, 75.0, 0.0, 50.0, 35.0, 25.0
G2, 500.0, 75.0, 0.0, 50.0, 35.0, 25.0
G2, 320.0, 80.0, 0.0, 50.0, 35.0, 25.0
G1, 430.0, 90.0, 0.0, 60.0, 40.0, 30.0
G5, 550.0, 80.0, 0.0, 40.0, 40.0, 60.0
G5, 600.0, 95.0, 0.0, 40.0, 40.0, 60.0
G2, 0.0, 100.0, 0.0, 50.0, 35.0, 25.0
G3, 320.0, 115.0, 0.0, 70.0, 50.0, 40.0
G1, 150.0, 120.0, 0.0, 60.0, 40.0, 30.0
G5, 640.0, 95.0, 0.0, 40.0, 40.0, 60.0
G1, 210.0, 120.0, 0.0, 60.0, 40.0, 30.0
G4, 430.0, 130.0, 0.0, 80.0, 60.0, 50.0
G5, 50.0, 100.0, 0.0, 40.0, 40.0, 60.0
G4, 510.0, 130.0, 0.0, 80.0, 60.0, 50.0
G2, 100.0, 110.0, 0.0, 50.0, 35.0, 25.0
G2, 270.0, 120.0, 0.0, 50.0, 35.0, 25.0
G2, 0.0, 135.0, 0.0, 50.0, 35.0, 25.0
G2, 600.0, 135.0, 0.0, 50.0, 35.0, 25.0
G2, 50.0, 140.0, 0.0, 50.0, 35.0, 25.0
G2, 100.0, 145.0, 0.0, 50.0, 35.0, 25.0
G3, 150.0, 160.0, 0.0, 70.0, 50.0, 40.0
G3, 220.0, 160.0, 0.0, 70.0, 50.0, 40.0
G3, 320.0, 165.0, 0.0, 70.0, 50.0, 40.0
G5, 390.0, 115.0, 0.0, 40.0, 40.0, 60.0
G4, 600.0, 170.0, 0.0, 80.0, 60.0, 50.0
G4, 600.0, 35.0, 50.0, 80.0, 60.0, 50.0
G4, 0.0, 40.0, 50.0, 80.0, 60.0, 50.0
G2, 0.0, 170.0, 0.0, 50.0, 35.0, 25.0
G5, 390.0, 155.0, 0.0, 40.0, 40.0, 60.0
G2, 50.0, 175.0, 0.0, 50.0, 35.0, 25.0
G1, 430.0, 190.0, 0.0, 60.0, 40.0, 30.0
G5, 100.0, 180.0, 0.0, 40.0, 40.0, 60.0
G5, 490.0, 190.0, 0.0, 40.0, 40.0, 60.0
G1, 530.0, 190.0, 0.0, 60.0, 40.0, 30.0
G2, 0.0, 205.0, 0.0, 50.0, 35.0, 25.0
G4, 430.0, 130.0, 50.0, 80.0, 60.0, 50.0
G4, 510.0, 130.0, 50.0, 80.0, 60.0, 50.0
G4, 600.0, 170.0, 50.0, 80.0, 60.0, 50.0
G2, 50.0, 210.0, 0.0, 50.0, 35.0, 25.0
G1, 40.0, 0.0, 30.0, 60.0, 40.0, 30.0
G5, 390.0, 195.0, 0.0, 40.0, 40.0, 60.0
G2, 150.0, 210.0, 0.0, 50.0, 35.0, 25.0
G5, 150.0, 0.0, 30.0, 40.0, 40.0, 60.0
G2, 200.0, 210.0, 0.0, 50.0, 35.0, 25.0
G5, 260.0, 0.0, 30.0, 40.0, 40.0, 60.0
G1, 320.0, 0.0, 30.0, 60.0, 40.0, 30.0
G1, 430.0, 0.0, 30.0, 60.0, 40.0, 30.0
G2, 250.0, 210.0, 0.0, 50.0, 35.0, 25.0
G2, 100.0, 0.0, 25.0, 50.0, 35.0, 25.0
G1, 540.0, 0.0, 30.0, 60.0, 40.0, 30.0
G2, 210.0, 0.0, 25.0, 50.0, 35.0, 25.0
G1, 150.0, 40.0, 30.0, 60.0, 40.0, 30.0
G2, 380.0, 0.0, 25.0, 50.0, 35.0, 25.0
G2, 490.0, 0.0, 25.0, 50.0, 35.0, 25.0
G5, 260.0, 40.0, 30.0, 40.0, 40.0, 60.0
G2, 600.0, 0.0, 25.0, 50.0, 35.0, 25.0
G2, 210.0, 35.0, 25.0, 50.0, 35.0, 25.0
G1, 320.0, 40.0, 30.0, 60.0, 40.0, 30.0
G2, 500.0, 40.0, 25.0, 50.0, 35.0, 25.0
G1, 150.0, 80.0, 30.0, 60.0, 40.0, 30.0
G2, 100.0, 75.0, 25.0, 50.0, 35.0, 25.0
G2, 380.0, 75.0, 25.0, 50.0, 35.0, 25.0
G5, 260.0, 80.0, 30.0, 40.0, 40.0, 60.0
G1, 430.0, 90.0, 30.0, 60.0, 40.0, 30.0
G4, 600.0, 35.0, 100.0, 80.0, 60.0, 50.0
G2, 500.0, 75.0, 25.0, 50.0, 35.0, 25.0
G2, 320.0, 80.0, 25.0, 50.0, 35.0, 25.0
G2, 0.0, 100.0, 25.0, 50.0, 35.0, 25.0
G4, 0.0, 40.0, 100.0, 80.0, 60.0, 50.0
G1, 150.0, 120.0, 30.0, 60.0, 40.0, 30.0
G2, 100.0, 110.0, 25.0, 50.0, 35.0, 25.0
G4, 430.0, 130.0, 100.0, 80.0, 60.0, 50.0
G1, 210.0, 120.0, 30.0, 60.0, 40.0, 30.0
G2, 270.0, 120.0, 25.0, 50.0, 35.0, 25.0
G1, 430.0, 190.0, 30.0, 60.0, 40.0, 30.0
G1, 530.0, 190.0, 30.0, 60.0, 40.0, 30.0
G1, 430.0, 40.0, 40.0, 60.0, 40.0, 30.0
G1, 320.0, 115.0, 40.0, 60.0, 40.0, 30.0
G5, 150.0, 160.0, 40.0, 40.0, 40.0, 60.0
G1, 220.0, 160.0, 40.0, 60.0, 40.0, 30.0
G1, 320.0, 165.0, 40.0, 60.0, 40.0, 30.0
G4, 510.0, 130.0, 100.0, 80.0, 60.0, 50.0
G1, 40.0, 0.0, 60.0, 60.0, 40.0, 30.0
G4, 600.0, 170.0, 100.0, 80.0, 60.0, 50.0
G1, 320.0, 0.0, 60.0, 60.0, 40.0, 30.0
G2, 0.0, 135.0, 25.0, 50.0, 35.0, 25.0
G4, 600.0, 35.0, 150.0, 80.0, 60.0, 50.0
G2, 600.0, 135.0, 25.0, 50.0, 35.0, 25.0
G2, 50.0, 140.0, 25.0, 50.0, 35.0, 25.0
G4, 0.0, 40.0, 150.0, 80.0, 60.0, 50.0
G1, 430.0, 0.0, 60.0, 60.0, 40.0, 30.0
G1, 540.0, 0.0, 60.0, 60.0, 40.0, 30.0
G5, 0.0, 0.0, 60.0, 40.0, 40.0, 60.0
G2, 100.0, 145.0, 25.0, 50.0, 35.0, 25.0
G2, 0.0, 170.0, 25.0, 50.0, 35.0, 25.0
G5, 100.0, 35.0, 60.0, 40.0, 40.0, 60.0
G1, 150.0, 40.0, 60.0, 60.0, 40.0, 30.0
G1, 320.0, 40.0, 60.0, 60.0, 40.0, 30.0
G1, 150.0, 80.0, 60.0, 60.0, 40.0, 30.0
G1, 430.0, 90.0, 60.0, 60.0, 40.0, 30.0
G2, 50.0, 175.0, 25.0, 50.0, 35.0, 25.0
G1, 150.0, 120.0, 60.0, 60.0, 40.0, 30.0
G2, 0.0, 205.0, 25.0, 50.0, 35.0, 25.0
G2, 50.0, 210.0, 25.0, 50.0, 35.0, 25.0
G1, 210.0, 120.0, 60.0, 60.0, 40.0, 30.0
G4, 430.0, 130.0, 150.0, 80.0, 60.0, 50.0
G2, 150.0, 210.0, 25.0, 50.0, 35.0, 25.0
G5, 380.0, 35.0, 60.0, 40.0, 40.0, 60.0
G1, 430.0, 190.0, 60.0, 60.0, 40.0, 30.0
G1, 530.0, 190.0, 60.0, 60.0, 40.0, 30.0
G1, 430.0, 40.0, 70.0, 60.0, 40.0, 30.0
G4, 510.0, 130.0, 150.0, 80.0, 60.0, 50.0
G4, 600.0, 170.0, 150.0, 80.0, 60.0, 50.0
G2, 200.0, 210.0, 25.0, 50.0, 35.0, 25.0
G5, 550.0, 40.0, 60.0, 40.0, 40.0, 60.0
G2, 250.0, 210.0, 25.0, 50.0, 35.0, 25.0
G5, 210.0, 70.0, 60.0, 40.0, 40.0, 60.0
G5, 550.0, 80.0, 60.0, 40.0, 40.0, 60.0
G2, 100.0, 0.0, 50.0, 50.0, 35.0, 25.0
G5, 600.0, 95.0, 60.0, 40.0, 40.0, 60.0
G2, 210.0, 0.0, 50.0, 50.0, 35.0, 25.0
G2, 380.0, 0.0, 50.0, 50.0, 35.0, 25.0
G1, 320.0, 115.0, 70.0, 60.0, 40.0, 30.0
G1, 220.0, 160.0, 70.0, 60.0, 40.0, 30.0
G2, 490.0, 0.0, 50.0, 50.0, 35.0, 25.0
G1, 320.0, 165.0, 70.0, 60.0, 40.0, 30.0
G2, 600.0, 0.0, 50.0, 50.0, 35.0, 25.0
G1, 40.0, 0.0, 90.0, 60.0, 40.0, 30.0
G5, 640.0, 95.0, 60.0, 40.0, 40.0, 60.0
G2, 210.0, 35.0, 50.0, 50.0, 35.0, 25.0
G5, 50.0, 100.0, 60.0, 40.0, 40.0, 60.0
G1, 320.0, 0.0, 90.0, 60.0, 40.0, 30.0
G2, 500.0, 40.0, 50.0, 50.0, 35.0, 25.0
G2, 100.0, 75.0, 50.0, 50.0, 35.0, 25.0
G2, 380.0, 75.0, 50.0, 50.0, 35.0, 25.0
G5, 390.0, 115.0, 60.0, 40.0, 40.0, 60.0
G1, 430.0, 0.0, 90.0, 60.0, 40.0, 30.0
G2, 500.0, 75.0, 50.0, 50.0, 35.0, 25.0
G2, 320.0, 80.0, 50.0, 50.0, 35.0, 25.0
G2, 0.0, 100.0, 50.0, 50.0, 35.0, 25.0
G5, 390.0, 155.0, 60.0, 40.0, 40.0, 60.0
G1, 540.0, 0.0, 90.0, 60.0, 40.0, 30.0
G2, 100.0, 110.0, 50.0, 50.0, 35.0, 25.0
G2, 270.0, 120.0, 50.0, 50.0, 35.0, 25.0
G5, 100.0, 180.0, 60.0, 40.0, 40.0, 60.0
G2, 0.0, 135.0, 50.0, 50.0, 35.0, 25.0
G1, 150.0, 40.0, 90.0, 60.0, 40.0, 30.0
G5, 490.0, 190.0, 60.0, 40.0, 40.0, 60.0
G1, 320.0, 40.0, 90.0, 60.0, 40.0, 30.0
G1, 150.0, 80.0, 90.0, 60.0, 40.0, 30.0
G2, 600.0, 135.0, 50.0, 50.0, 35.0, 25.0
G5, 150.0, 0.0, 90.0, 40.0, 40.0, 60.0
G5, 260.0, 0.0, 90.0, 40.0, 40.0, 60.0
G2, 50.0, 140.0, 50.0, 50.0, 35.0, 25.0
G2, 100.0, 145.0, 50.0, 50.0, 35.0, 25.0
G1, 430.0, 90.0, 90.0, 60.0, 40.0, 30.0
G1, 150.0, 120.0, 90.0, 60.0, 40.0, 30.0
G5, 260.0, 40.0, 90.0, 40.0, 40.0, 60.0
G1, 210.0, 120.0, 90.0, 60.0, 40.0, 30.0
G2, 0.0, 170.0, 50.0, 50.0, 35.0, 25.0
G2, 50.0, 175.0, 50.0, 50.0, 35.0, 25.0
G5, 260.0, 80.0, 90.0, 40.0, 40.0, 60.0
G2, 0.0, 205.0, 50.0, 50.0, 35.0, 25.0
G2, 50.0, 210.0, 50.0, 50.0, 35.0, 25.0
G1, 530.0, 190.0, 90.0, 60.0, 40.0, 30.0
G2, 150.0, 210.0, 50.0, 50.0, 35.0, 25.0
G1, 430.0, 40.0, 100.0, 60.0, 40.0, 30.0
G5, 320.0, 115.0, 100.0, 40.0, 40.0, 60.0
G1, 220.0, 160.0, 100.0, 60.0, 40.0, 30.0
G5, 150.0, 160.0, 100.0, 40.0, 40.0, 60.0
G1, 320.0, 165.0, 100.0, 60.0, 40.0, 30.0
G1, 40.0, 0.0, 120.0, 60.0, 40.0, 30.0
G5, 320.0, 0.0, 120.0, 40.0, 40.0, 60.0
G5, 430.0, 0.0, 120.0, 40.0, 40.0, 60.0
G1, 540.0, 0.0, 120.0, 60.0, 40.0, 30.0
G1, 150.0, 40.0, 120.0, 60.0, 40.0, 30.0
G5, 100.0, 35.0, 120.0, 40.0, 40.0, 60.0
G2, 200.0, 210.0, 50.0, 50.0, 35.0, 25.0
G1, 320.0, 40.0, 120.0, 60.0, 40.0, 30.0
G5, 550.0, 40.0, 120.0, 40.0, 40.0, 60.0
G2, 250.0, 210.0, 50.0, 50.0, 35.0, 25.0
G1, 150.0, 80.0, 120.0, 60.0, 40.0, 30.0
G2, 210.0, 0.0, 75.0, 50.0, 35.0, 25.0
G2, 380.0, 0.0, 75.0, 50.0, 35.0, 25.0
G1, 430.0, 90.0, 120.0, 60.0, 40.0, 30.0
G1, 150.0, 120.0, 120.0, 60.0, 40.0, 30.0
G5, 50.0, 100.0, 120.0, 40.0, 40.0, 60.0
G2, 490.0, 0.0, 75.0, 50.0, 35.0, 25.0
G1, 530.0, 190.0, 120.0, 60.0, 40.0, 30.0
G2, 600.0, 0.0, 75.0, 50.0, 35.0, 25.0
G1, 430.0, 40.0, 130.0, 60.0, 40.0, 30.0
G1, 220.0, 160.0, 130.0, 60.0, 40.0, 30.0
G2, 210.0, 35.0, 75.0, 50.0, 35.0, 25.0
G1, 320.0, 165.0, 130.0, 60.0, 40.0, 30.0
G5, 100.0, 180.0, 120.0, 40.0, 40.0, 60.0
G2, 100.0, 75.0, 75.0, 50.0, 35.0, 25.0
G1, 320.0, 40.0, 150.0, 60.0, 40.0, 30.0
G1, 430.0, 40.0, 160.0, 60.0, 40.0, 30.0
G5, 150.0, 0.0, 150.0, 40.0, 40.0, 60.0
G1, 220.0, 160.0, 160.0, 60.0, 40.0, 30.0
G2, 380.0, 75.0, 75.0, 50.0, 35.0, 25.0
G5, 260.0, 80.0, 150.0, 40.0, 40.0, 60.0
G2, 500.0, 75.0, 75.0, 50.0, 35.0, 25.0
G2, 320.0, 80.0, 75.0, 50.0, 35.0, 25.0
G2, 100.0, 110.0, 75.0, 50.0, 35.0, 25.0
G2, 0.0, 135.0, 75.0, 50.0, 35.0, 25.0
G5, 320.0, 115.0, 160.0, 40.0, 40.0, 60.0
G5, 150.0, 160.0, 160.0, 40.0, 40.0, 60.0
G2, 600.0, 135.0, 75.0, 50.0, 35.0, 25.0
G2, 50.0, 140.0, 75.0, 50.0, 35.0, 25.0
G5, 320.0, 165.0, 160.0, 40.0, 40.0, 60.0
G1, 430.0, 40.0, 190.0, 60.0, 40.0, 30.0
G2, 0.0, 170.0, 75.0, 50.0, 35.0, 25.0
G1, 220.0, 160.0, 190.0, 60.0, 40.0, 30.0
G2, 50.0, 175.0, 75.0, 50.0, 35.0, 25.0
G1, 600.0, 35.0, 200.0, 60.0, 40.0, 30.0
G2, 0.0, 205.0, 75.0, 50.0, 35.0, 25.0
G2, 50.0, 210.0, 75.0, 50.0, 35.0, 25.0
G2, 150.0, 210.0, 75.0, 50.0, 35.0, 25.0
G1, 510.0, 130.0, 200.0, 60.0, 40.0, 30.0
G2, 200.0, 210.0, 75.0, 50.0, 35.0, 25.0
G1, 600.0, 170.0, 200.0, 60.0, 40.0, 30.0
G2, 250.0, 210.0, 75.0, 50.0, 35.0, 25.0
G1, 320.0, 215.0, 0.0, 60.0, 30.0, 40.0
G2, 210.0, 0.0, 100.0, 50.0, 35.0, 25.0
G2, 380.0, 0.0, 100.0, 50.0, 35.0, 25.0
G2, 490.0, 0.0, 100.0, 50.0, 35.0, 25.0
G2, 210.0, 35.0, 100.0, 50.0, 35.0, 25.0
G2, 100.0, 75.0, 100.0, 50.0, 35.0, 25.0
G1, 320.0, 215.0, 40.0, 60.0, 30.0, 40.0
G2, 380.0, 75.0, 100.0, 50.0, 35.0, 25.0
G2, 500.0, 75.0, 100.0, 50.0, 35.0, 25.0
G2, 320.0, 80.0, 100.0, 50.0, 35.0, 25.0
G2, 600.0, 135.0, 100.0, 50.0, 35.0, 25.0
G1, 320.0, 215.0, 80.0, 60.0, 30.0, 40.0
G2, 0.0, 205.0, 100.0, 50.0, 35.0, 25.0
G2, 50.0, 210.0, 100.0, 50.0, 35.0, 25.0
G1, 320.0, 215.0, 120.0, 60.0, 30.0, 40.0
G1, 150.0, 40.0, 150.0, 60.0, 30.0, 40.0
G1, 430.0, 90.0, 150.0, 60.0, 30.0, 40.0
G2, 150.0, 210.0, 100.0, 50.0, 35.0, 25.0
G2, 200.0, 210.0, 100.0, 50.0, 35.0, 25.0
G2, 250.0, 210.0, 100.0, 50.0, 35.0, 25.0
G1, 320.0, 215.0, 160.0, 60.0, 30.0, 40.0
G1, 320.0, 215.0, 200.0, 60.0, 30.0, 40.0
G2, 380.0, 0.0, 125.0, 50.0, 35.0, 25.0
G1, 500.0, 40.0, 75.0, 40.0, 30.0, 60.0
G1, 0.0, 100.0, 75.0, 40.0, 30.0, 60.0
G2, 490.0, 0.0, 125.0, 50.0, 35.0, 25.0
G2, 320.0, 80.0, 125.0, 50.0, 35.0, 25.0
G1, 100.0, 145.0, 75.0, 40.0, 30.0, 60.0
G2, 600.0, 135.0, 125.0, 50.0, 35.0, 25.0
G2, 0.0, 205.0, 125.0, 50.0, 35.0, 25.0
G2, 150.0, 210.0, 125.0, 50.0, 35.0, 25.0
G2, 200.0, 210.0, 125.0, 50.0, 35.0, 25.0
G1, 100.0, 110.0, 100.0, 40.0, 30.0, 60.0
G2, 250.0, 210.0, 125.0, 50.0, 35.0, 25.0
G2, 40.0, 0.0, 150.0, 50.0, 35.0, 25.0
G2, 490.0, 0.0, 150.0, 50.0, 35.0, 25.0
G2, 540.0, 0.0, 150.0, 50.0, 35.0, 25.0
G1, 0.0, 135.0, 100.0, 40.0, 30.0, 60.0
G2, 600.0, 135.0, 150.0, 50.0, 35.0, 25.0
G2, 0.0, 205.0, 150.0, 50.0, 35.0, 25.0
G1, 0.0, 170.0, 100.0, 40.0, 30.0, 60.0
G1, 0.0, 0.0, 120.0, 40.0, 30.0, 60.0
G1, 210.0, 0.0, 125.0, 40.0, 30.0, 60.0
G1, 210.0, 35.0, 125.0, 40.0, 30.0, 60.0
G2, 150.0, 210.0, 150.0, 50.0, 35.0, 25.0
G2, 200.0, 210.0, 150.0, 50.0, 35.0, 25.0
G2, 250.0, 210.0, 150.0, 50.0, 35.0, 25.0
G2, 40.0, 0.0, 175.0, 50.0, 35.0, 25.0
G1, 100.0, 75.0, 125.0, 40.0, 30.0, 60.0
G2, 490.0, 0.0, 175.0, 50.0, 35.0, 25.0
G1, 500.0, 75.0, 125.0, 40.0, 30.0, 60.0
G2, 0.0, 205.0, 175.0, 50.0, 35.0, 25.0
G2, 40.0, 0.0, 200.0, 50.0, 35.0, 25.0
G2, 430.0, 40.0, 220.0, 50.0, 35.0, 25.0
G2, 220.0, 160.0, 220.0, 50.0, 35.0, 25.0
G2, 100.0, 220.0, 0.0, 50.0, 25.0, 35.0
G2, 100.0, 220.0, 35.0, 50.0, 25.0, 35.0
G1, 500.0, 40.0, 135.0, 40.0, 30.0, 60.0
G2, 100.0, 0.0, 75.0, 50.0, 25.0, 35.0
G2, 600.0, 0.0, 100.0, 50.0, 25.0, 35.0
G2, 100.0, 0.0, 110.0, 50.0, 25.0, 35.0
G2, 600.0, 0.0, 135.0, 50.0, 25.0, 35.0
G2, 100.0, 0.0, 145.0, 50.0, 25.0, 35.0
G1, 0.0, 100.0, 135.0, 40.0, 30.0, 60.0
G1, 0.0, 135.0, 160.0, 40.0, 30.0, 60.0
G2, 380.0, 0.0, 150.0, 50.0, 25.0, 35.0
G1, 0.0, 170.0, 160.0, 40.0, 30.0, 60.0
G2, 600.0, 0.0, 170.0, 50.0, 25.0, 35.0
G2, 380.0, 0.0, 185.0, 50.0, 25.0, 35.0
G2, 600.0, 0.0, 205.0, 50.0, 25.0, 35.0
G2, 0.0, 40.0, 200.0, 35.0, 50.0, 25.0
G1, 150.0, 210.0, 175.0, 40.0, 30.0, 60.0
G2, 390.0, 195.0, 60.0, 35.0, 25.0, 50.0
G2, 390.0, 195.0, 110.0, 35.0, 25.0, 50.0
G1, 320.0, 0.0, 180.0, 40.0, 30.0, 60.0
G2, 600.0, 95.0, 120.0, 35.0, 25.0, 50.0
G1, 100.0, 75.0, 185.0, 40.0, 30.0, 60.0
G1, 290.0, 160.0, 0.0, 30.0, 40.0, 60.0
G2, 640.0, 95.0, 120.0, 35.0, 25.0, 50.0
G1, 190.0, 160.0, 40.0, 30.0, 40.0, 60.0
G1, 290.0, 160.0, 60.0, 30.0, 40.0, 60.0
G1, 390.0, 115.0, 120.0, 30.0, 40.0, 60.0
G2, 390.0, 155.0, 120.0, 35.0, 25.0, 50.0
G1, 290.0, 160.0, 120.0, 30.0, 40.0, 60.0
G1, 390.0, 115.0, 180.0, 30.0, 40.0, 60.0
G2, 260.0, 0.0, 150.0, 35.0, 25.0, 50.0
G2, 100.0, 110.0, 160.0, 35.0, 25.0, 50.0
G2, 390.0, 195.0, 160.0, 35.0, 25.0, 50.0
G2, 600.0, 95.0, 170.0, 35.0, 25.0, 50.0
G2, 600.0, 135.0, 175.0, 35.0, 25.0, 50.0
G2, 0.0, 0.0, 180.0, 35.0, 25.0, 50.0
G2, 100.0, 0.0, 180.0, 35.0, 25.0, 50.0
G2, 100.0, 180.0, 180.0, 35.0, 25.0, 50.0
G2, 210.0, 0.0, 185.0, 35.0, 25.0, 50.0
G2, 500.0, 75.0, 185.0, 35.0, 25.0, 50.0
G2, 500.0, 40.0, 195.0, 35.0, 25.0, 50.0
G2, 0.0, 100.0, 195.0, 35.0, 25.0, 50.0
G2, 650.0, 0.0, 0.0, 25.0, 35.0, 50.0
G2, 650.0, 135.0, 0.0, 25.0, 35.0, 50.0
G2, 650.0, 0.0, 50.0, 25.0, 35.0, 50.0
G2, 650.0, 135.0, 50.0, 25.0, 35.0, 50.0
G2, 290.0, 160.0, 180.0, 25.0, 35.0, 50.0

第5辆车，装载341件，容积利用率 64.26%，重量利用率 42.44%
货物ID, x(cm), y(cm), z(cm), l(cm), w(cm), h(cm)
G2, 0.0, 0.0, 0.0, 50.0, 35.0, 25.0
G1, 50.0, 0.0, 0.0, 60.0, 40.0, 30.0
G5, 110.0, 0.0, 0.0, 40.0, 40.0, 60.0
G3, 150.0, 0.0, 0.0, 70.0, 50.0, 40.0
G2, 220.0, 0.0, 0.0, 50.0, 35.0, 25.0
G5, 270.0, 0.0, 0.0, 40.0, 40.0, 60.0
G3, 310.0, 0.0, 0.0, 70.0, 50.0, 40.0
G2, 380.0, 0.0, 0.0, 50.0, 35.0, 25.0
G3, 430.0, 0.0, 0.0, 70.0, 50.0, 40.0
G1, 500.0, 0.0, 0.0, 60.0, 40.0, 30.0
G2, 560.0, 0.0, 0.0, 50.0, 35.0, 25.0
G2, 610.0, 0.0, 0.0, 50.0, 35.0, 25.0
G5, 0.0, 35.0, 0.0, 40.0, 40.0, 60.0
G3, 560.0, 35.0, 0.0, 70.0, 50.0, 40.0
G2, 220.0, 35.0, 0.0, 50.0, 35.0, 25.0
G2, 380.0, 35.0, 0.0, 50.0, 35.0, 25.0
G1, 50.0, 40.0, 0.0, 60.0, 40.0, 30.0
G5, 630.0, 35.0, 0.0, 40.0, 40.0, 60.0
G1, 500.0, 40.0, 0.0, 60.0, 40.0, 30.0
G1, 150.0, 50.0, 0.0, 60.0, 40.0, 30.0
G5, 110.0, 40.0, 0.0, 40.0, 40.0, 60.0
G2, 310.0, 50.0, 0.0, 50.0, 35.0, 25.0
G1, 430.0, 50.0, 0.0, 60.0, 40.0, 30.0
G4, 220.0, 70.0, 0.0, 80.0, 60.0, 50.0
G1, 50.0, 80.0, 0.0, 60.0, 40.0, 30.0
G2, 380.0, 70.0, 0.0, 50.0, 35.0, 25.0
G3, 310.0, 85.0, 0.0, 70.0, 50.0, 40.0
G3, 560.0, 85.0, 0.0, 70.0, 50.0, 40.0
G5, 0.0, 75.0, 0.0, 40.0, 40.0, 60.0
G2, 630.0, 75.0, 0.0, 50.0, 35.0, 25.0
G5, 110.0, 80.0, 0.0, 40.0, 40.0, 60.0
G4, 430.0, 90.0, 0.0, 80.0, 60.0, 50.0
G5, 150.0, 90.0, 0.0, 40.0, 40.0, 60.0
G5, 510.0, 90.0, 0.0, 40.0, 40.0, 60.0
G5, 380.0, 105.0, 0.0, 40.0, 40.0, 60.0
G4, 50.0, 120.0, 0.0, 80.0, 60.0, 50.0
G2, 630.0, 110.0, 0.0, 50.0, 35.0, 25.0
G5, 0.0, 115.0, 0.0, 40.0, 40.0, 60.0
G5, 150.0, 130.0, 0.0, 40.0, 40.0, 60.0
G4, 190.0, 130.0, 0.0, 80.0, 60.0, 50.0
G4, 430.0, 150.0, 0.0, 80.0, 60.0, 50.0
G3, 310.0, 135.0, 0.0, 70.0, 50.0, 40.0
G1, 560.0, 135.0, 0.0, 60.0, 40.0, 30.0
G5, 270.0, 130.0, 0.0, 40.0, 40.0, 60.0
G1, 560.0, 175.0, 0.0, 60.0, 40.0, 30.0
G2, 510.0, 130.0, 0.0, 50.0, 35.0, 25.0
G1, 620.0, 175.0, 0.0, 60.0, 40.0, 30.0
G4, 50.0, 180.0, 0.0, 80.0, 60.0, 50.0
G1, 130.0, 180.0, 0.0, 60.0, 40.0, 30.0
G3, 310.0, 185.0, 0.0, 70.0, 50.0, 40.0
G1, 190.0, 190.0, 0.0, 60.0, 40.0, 30.0
G2, 380.0, 145.0, 0.0, 50.0, 35.0, 25.0
G2, 0.0, 155.0, 0.0, 50.0, 35.0, 25.0
G3, 510.0, 165.0, 0.0, 50.0, 70.0, 40.0
G4, 220.0, 70.0, 50.0, 80.0, 60.0, 50.0
G1, 250.0, 190.0, 0.0, 60.0, 40.0, 30.0
G2, 380.0, 180.0, 0.0, 50.0, 35.0, 25.0
G3, 0.0, 190.0, 0.0, 50.0, 40.0, 70.0
G5, 50.0, 0.0, 30.0, 40.0, 40.0, 60.0
G1, 500.0, 0.0, 30.0, 60.0, 40.0, 30.0
G4, 430.0, 90.0, 50.0, 80.0, 60.0, 50.0
G2, 430.0, 210.0, 0.0, 50.0, 35.0, 25.0
G2, 0.0, 0.0, 25.0, 50.0, 35.0, 25.0
G2, 220.0, 0.0, 25.0, 50.0, 35.0, 25.0
G1, 50.0, 40.0, 30.0, 60.0, 40.0, 30.0
G4, 50.0, 120.0, 50.0, 80.0, 60.0, 50.0
G5, 500.0, 40.0, 30.0, 40.0, 40.0, 60.0
G1, 150.0, 50.0, 30.0, 60.0, 40.0, 30.0
G1, 430.0, 50.0, 30.0, 60.0, 40.0, 30.0
G5, 50.0, 80.0, 30.0, 40.0, 40.0, 60.0
G2, 380.0, 0.0, 25.0, 50.0, 35.0, 25.0
G2, 560.0, 0.0, 25.0, 50.0, 35.0, 25.0
G5, 560.0, 135.0, 30.0, 40.0, 40.0, 60.0
G1, 560.0, 175.0, 30.0, 60.0, 40.0, 30.0
G1, 620.0, 175.0, 30.0, 60.0, 40.0, 30.0
G2, 610.0, 0.0, 25.0, 50.0, 35.0, 25.0
G2, 220.0, 35.0, 25.0, 50.0, 35.0, 25.0
G4, 190.0, 130.0, 50.0, 80.0, 60.0, 50.0
G2, 380.0, 35.0, 25.0, 50.0, 35.0, 25.0
G1, 130.0, 180.0, 30.0, 60.0, 40.0, 30.0
G5, 190.0, 190.0, 30.0, 40.0, 40.0, 60.0
G1, 250.0, 190.0, 30.0, 60.0, 40.0, 30.0
G2, 310.0, 50.0, 25.0, 50.0, 35.0, 25.0
G1, 150.0, 0.0, 40.0, 60.0, 40.0, 30.0
G4, 430.0, 150.0, 50.0, 80.0, 60.0, 50.0
G4, 50.0, 180.0, 50.0, 80.0, 60.0, 50.0
G5, 310.0, 0.0, 40.0, 40.0, 40.0, 60.0
G2, 380.0, 70.0, 25.0, 50.0, 35.0, 25.0
G4, 220.0, 70.0, 100.0, 80.0, 60.0, 50.0
G5, 430.0, 0.0, 40.0, 40.0, 40.0, 60.0
G2, 630.0, 75.0, 25.0, 50.0, 35.0, 25.0
G4, 430.0, 90.0, 100.0, 80.0, 60.0, 50.0
G1, 560.0, 35.0, 40.0, 60.0, 40.0, 30.0
G2, 630.0, 110.0, 25.0, 50.0, 35.0, 25.0
G1, 310.0, 85.0, 40.0, 60.0, 40.0, 30.0
G4, 50.0, 120.0, 100.0, 80.0, 60.0, 50.0
G1, 560.0, 85.0, 40.0, 60.0, 40.0, 30.0
G5, 310.0, 135.0, 40.0, 40.0, 40.0, 60.0
G2, 510.0, 130.0, 25.0, 50.0, 35.0, 25.0
G5, 510.0, 165.0, 40.0, 40.0, 40.0, 60.0
G2, 380.0, 145.0, 25.0, 50.0, 35.0, 25.0
G5, 310.0, 185.0, 40.0, 40.0, 40.0, 60.0
G2, 0.0, 155.0, 25.0, 50.0, 35.0, 25.0
G2, 380.0, 180.0, 25.0, 50.0, 35.0, 25.0
G2, 430.0, 210.0, 25.0, 50.0, 35.0, 25.0
G2, 0.0, 0.0, 50.0, 50.0, 35.0, 25.0
G5, 110.0, 0.0, 60.0, 40.0, 40.0, 60.0
G5, 270.0, 0.0, 60.0, 40.0, 40.0, 60.0
G1, 500.0, 0.0, 60.0, 60.0, 40.0, 30.0
G1, 50.0, 40.0, 60.0, 60.0, 40.0, 30.0
G1, 150.0, 50.0, 60.0, 60.0, 40.0, 30.0
G1, 430.0, 50.0, 60.0, 60.0, 40.0, 30.0
G4, 190.0, 130.0, 100.0, 80.0, 60.0, 50.0
G1, 560.0, 175.0, 60.0, 60.0, 40.0, 30.0
G5, 0.0, 35.0, 60.0, 40.0, 40.0, 60.0
G1, 620.0, 175.0, 60.0, 60.0, 40.0, 30.0
G2, 220.0, 0.0, 50.0, 50.0, 35.0, 25.0
G4, 430.0, 150.0, 100.0, 80.0, 60.0, 50.0
G5, 630.0, 35.0, 60.0, 40.0, 40.0, 60.0
G2, 380.0, 0.0, 50.0, 50.0, 35.0, 25.0
G4, 50.0, 180.0, 100.0, 80.0, 60.0, 50.0
G2, 560.0, 0.0, 50.0, 50.0, 35.0, 25.0
G5, 110.0, 40.0, 60.0, 40.0, 40.0, 60.0
G1, 130.0, 180.0, 60.0, 60.0, 40.0, 30.0
G4, 220.0, 70.0, 150.0, 80.0, 60.0, 50.0
G4, 430.0, 90.0, 150.0, 80.0, 60.0, 50.0
G5, 0.0, 75.0, 60.0, 40.0, 40.0, 60.0
G4, 50.0, 120.0, 150.0, 80.0, 60.0, 50.0
G4, 190.0, 130.0, 150.0, 80.0, 60.0, 50.0
G5, 110.0, 80.0, 60.0, 40.0, 40.0, 60.0
G5, 150.0, 90.0, 60.0, 40.0, 40.0, 60.0
G5, 510.0, 90.0, 60.0, 40.0, 40.0, 60.0
G1, 250.0, 190.0, 60.0, 60.0, 40.0, 30.0
G2, 610.0, 0.0, 50.0, 50.0, 35.0, 25.0
G1, 150.0, 0.0, 70.0, 60.0, 40.0, 30.0
G4, 430.0, 150.0, 150.0, 80.0, 60.0, 50.0
G5, 380.0, 105.0, 60.0, 40.0, 40.0, 60.0
G5, 0.0, 115.0, 60.0, 40.0, 40.0, 60.0
G4, 50.0, 180.0, 150.0, 80.0, 60.0, 50.0
G1, 560.0, 35.0, 70.0, 60.0, 40.0, 30.0
G1, 310.0, 85.0, 70.0, 60.0, 40.0, 30.0
G2, 220.0, 35.0, 50.0, 50.0, 35.0, 25.0
G1, 560.0, 85.0, 70.0, 60.0, 40.0, 30.0
G1, 500.0, 0.0, 90.0, 60.0, 40.0, 30.0
G2, 380.0, 35.0, 50.0, 50.0, 35.0, 25.0
G5, 150.0, 130.0, 60.0, 40.0, 40.0, 60.0
G1, 50.0, 40.0, 90.0, 60.0, 40.0, 30.0
G5, 270.0, 130.0, 60.0, 40.0, 40.0, 60.0
G1, 150.0, 50.0, 90.0, 60.0, 40.0, 30.0
G1, 430.0, 50.0, 90.0, 60.0, 40.0, 30.0
G2, 310.0, 50.0, 50.0, 50.0, 35.0, 25.0
G5, 0.0, 190.0, 70.0, 40.0, 40.0, 60.0
G2, 380.0, 70.0, 50.0, 50.0, 35.0, 25.0
G2, 630.0, 75.0, 50.0, 50.0, 35.0, 25.0
G1, 560.0, 175.0, 90.0, 60.0, 40.0, 30.0
G5, 50.0, 0.0, 90.0, 40.0, 40.0, 60.0
G1, 620.0, 175.0, 90.0, 60.0, 40.0, 30.0
G2, 630.0, 110.0, 50.0, 50.0, 35.0, 25.0
G1, 130.0, 180.0, 90.0, 60.0, 40.0, 30.0
G5, 500.0, 40.0, 90.0, 40.0, 40.0, 60.0
G1, 250.0, 190.0, 90.0, 60.0, 40.0, 30.0
G2, 510.0, 130.0, 50.0, 50.0, 35.0, 25.0
G2, 380.0, 145.0, 50.0, 50.0, 35.0, 25.0
G1, 150.0, 0.0, 100.0, 60.0, 40.0, 30.0
G5, 50.0, 80.0, 90.0, 40.0, 40.0, 60.0
G5, 560.0, 135.0, 90.0, 40.0, 40.0, 60.0
G2, 0.0, 155.0, 50.0, 50.0, 35.0, 25.0
G2, 380.0, 180.0, 50.0, 50.0, 35.0, 25.0
G1, 560.0, 35.0, 100.0, 60.0, 40.0, 30.0
G2, 430.0, 210.0, 50.0, 50.0, 35.0, 25.0
G1, 310.0, 85.0, 100.0, 60.0, 40.0, 30.0
G1, 560.0, 85.0, 100.0, 60.0, 40.0, 30.0
G1, 500.0, 0.0, 120.0, 60.0, 40.0, 30.0
G2, 0.0, 0.0, 75.0, 50.0, 35.0, 25.0
G5, 190.0, 190.0, 90.0, 40.0, 40.0, 60.0
G5, 310.0, 0.0, 100.0, 40.0, 40.0, 60.0
G2, 220.0, 0.0, 75.0, 50.0, 35.0, 25.0
G1, 50.0, 40.0, 120.0, 60.0, 40.0, 30.0
G5, 430.0, 0.0, 100.0, 40.0, 40.0, 60.0
G1, 150.0, 50.0, 120.0, 60.0, 40.0, 30.0
G2, 380.0, 0.0, 75.0, 50.0, 35.0, 25.0
G1, 430.0, 50.0, 120.0, 60.0, 40.0, 30.0
G5, 310.0, 135.0, 100.0, 40.0, 40.0, 60.0
G1, 560.0, 175.0, 120.0, 60.0, 40.0, 30.0
G5, 510.0, 165.0, 100.0, 40.0, 40.0, 60.0
G2, 560.0, 0.0, 75.0, 50.0, 35.0, 25.0
G2, 610.0, 0.0, 75.0, 50.0, 35.0, 25.0
G2, 220.0, 35.0, 75.0, 50.0, 35.0, 25.0
G2, 380.0, 35.0, 75.0, 50.0, 35.0, 25.0
G2, 310.0, 50.0, 75.0, 50.0, 35.0, 25.0
G2, 380.0, 70.0, 75.0, 50.0, 35.0, 25.0
G1, 620.0, 175.0, 120.0, 60.0, 40.0, 30.0
G5, 310.0, 185.0, 100.0, 40.0, 40.0, 60.0
G1, 250.0, 190.0, 120.0, 60.0, 40.0, 30.0
G2, 630.0, 75.0, 75.0, 50.0, 35.0, 25.0
G5, 270.0, 0.0, 120.0, 40.0, 40.0, 60.0
G2, 630.0, 110.0, 75.0, 50.0, 35.0, 25.0
G2, 510.0, 130.0, 75.0, 50.0, 35.0, 25.0
G1, 150.0, 0.0, 130.0, 60.0, 40.0, 30.0
G2, 380.0, 145.0, 75.0, 50.0, 35.0, 25.0
G2, 0.0, 155.0, 75.0, 50.0, 35.0, 25.0
G5, 0.0, 35.0, 120.0, 40.0, 40.0, 60.0
G1, 560.0, 35.0, 130.0, 60.0, 40.0, 30.0
G1, 310.0, 85.0, 130.0, 60.0, 40.0, 30.0
G2, 380.0, 180.0, 75.0, 50.0, 35.0, 25.0
G2, 430.0, 210.0, 75.0, 50.0, 35.0, 25.0
G2, 0.0, 0.0, 100.0, 50.0, 35.0, 25.0
G1, 560.0, 85.0, 130.0, 60.0, 40.0, 30.0
G1, 150.0, 50.0, 150.0, 60.0, 40.0, 30.0
G2, 220.0, 0.0, 100.0, 50.0, 35.0, 25.0
G1, 430.0, 50.0, 150.0, 60.0, 40.0, 30.0
G5, 630.0, 35.0, 120.0, 40.0, 40.0, 60.0
G5, 0.0, 75.0, 120.0, 40.0, 40.0, 60.0
G1, 560.0, 175.0, 150.0, 60.0, 40.0, 30.0
G2, 380.0, 0.0, 100.0, 50.0, 35.0, 25.0
G5, 380.0, 105.0, 120.0, 40.0, 40.0, 60.0
G1, 620.0, 175.0, 150.0, 60.0, 40.0, 30.0
G5, 0.0, 115.0, 120.0, 40.0, 40.0, 60.0
G5, 0.0, 190.0, 130.0, 40.0, 40.0, 60.0
G2, 610.0, 0.0, 100.0, 50.0, 35.0, 25.0
G5, 50.0, 0.0, 150.0, 40.0, 40.0, 60.0
G5, 500.0, 0.0, 150.0, 40.0, 40.0, 60.0
G2, 380.0, 35.0, 100.0, 50.0, 35.0, 25.0
G2, 310.0, 50.0, 100.0, 50.0, 35.0, 25.0
G1, 250.0, 190.0, 150.0, 60.0, 40.0, 30.0
G2, 630.0, 75.0, 100.0, 50.0, 35.0, 25.0
G2, 630.0, 110.0, 100.0, 50.0, 35.0, 25.0
G2, 380.0, 145.0, 100.0, 50.0, 35.0, 25.0
G5, 50.0, 40.0, 150.0, 40.0, 40.0, 60.0
G1, 150.0, 0.0, 160.0, 60.0, 40.0, 30.0
G1, 310.0, 85.0, 160.0, 60.0, 40.0, 30.0
G2, 0.0, 155.0, 100.0, 50.0, 35.0, 25.0
G1, 560.0, 85.0, 160.0, 60.0, 40.0, 30.0
G1, 560.0, 175.0, 180.0, 60.0, 40.0, 30.0
G1, 250.0, 190.0, 180.0, 60.0, 40.0, 30.0
G2, 380.0, 180.0, 100.0, 50.0, 35.0, 25.0
G2, 430.0, 210.0, 100.0, 50.0, 35.0, 25.0
G1, 310.0, 85.0, 190.0, 60.0, 40.0, 30.0
G1, 560.0, 85.0, 190.0, 60.0, 40.0, 30.0
G1, 220.0, 70.0, 200.0, 60.0, 40.0, 30.0
G2, 130.0, 180.0, 120.0, 50.0, 35.0, 25.0
G1, 50.0, 120.0, 200.0, 60.0, 40.0, 30.0
G5, 50.0, 80.0, 150.0, 40.0, 40.0, 60.0
G2, 0.0, 0.0, 125.0, 50.0, 35.0, 25.0
G2, 310.0, 50.0, 125.0, 50.0, 35.0, 25.0
G1, 190.0, 130.0, 200.0, 60.0, 40.0, 30.0
G2, 630.0, 75.0, 125.0, 50.0, 35.0, 25.0
G2, 630.0, 110.0, 125.0, 50.0, 35.0, 25.0
G5, 310.0, 0.0, 160.0, 40.0, 40.0, 60.0
G5, 310.0, 135.0, 160.0, 40.0, 40.0, 60.0
G1, 430.0, 150.0, 200.0, 60.0, 40.0, 30.0
G1, 50.0, 180.0, 200.0, 60.0, 40.0, 30.0
G2, 0.0, 0.0, 150.0, 50.0, 35.0, 25.0
G2, 310.0, 50.0, 150.0, 50.0, 35.0, 25.0
G5, 310.0, 185.0, 160.0, 40.0, 40.0, 60.0
G1, 560.0, 215.0, 0.0, 60.0, 30.0, 40.0
G5, 630.0, 35.0, 180.0, 40.0, 40.0, 60.0
G2, 630.0, 110.0, 150.0, 50.0, 35.0, 25.0
G2, 560.0, 35.0, 160.0, 50.0, 35.0, 25.0
G2, 630.0, 110.0, 175.0, 50.0, 35.0, 25.0
G2, 150.0, 0.0, 190.0, 50.0, 35.0, 25.0
G1, 630.0, 145.0, 0.0, 40.0, 30.0, 60.0
G5, 380.0, 105.0, 180.0, 40.0, 40.0, 60.0
G1, 380.0, 215.0, 0.0, 40.0, 30.0, 60.0
G1, 510.0, 205.0, 40.0, 40.0, 30.0, 60.0
G1, 560.0, 215.0, 40.0, 40.0, 30.0, 60.0
G2, 630.0, 110.0, 200.0, 50.0, 35.0, 25.0
G2, 560.0, 175.0, 210.0, 50.0, 35.0, 25.0
G2, 250.0, 190.0, 210.0, 50.0, 35.0, 25.0
G1, 630.0, 145.0, 60.0, 40.0, 30.0, 60.0
G2, 150.0, 0.0, 215.0, 50.0, 35.0, 25.0
G1, 380.0, 215.0, 60.0, 40.0, 30.0, 60.0
G2, 310.0, 85.0, 220.0, 50.0, 35.0, 25.0
G2, 560.0, 85.0, 220.0, 50.0, 35.0, 25.0
G2, 130.0, 220.0, 0.0, 50.0, 25.0, 35.0
G1, 220.0, 35.0, 100.0, 40.0, 30.0, 60.0
G2, 130.0, 220.0, 35.0, 50.0, 25.0, 35.0
G2, 130.0, 220.0, 70.0, 50.0, 25.0, 35.0
G1, 510.0, 205.0, 100.0, 40.0, 30.0, 60.0
G1, 560.0, 215.0, 100.0, 40.0, 30.0, 60.0
G1, 110.0, 0.0, 120.0, 40.0, 30.0, 60.0
G2, 560.0, 0.0, 100.0, 50.0, 25.0, 35.0
G1, 510.0, 90.0, 120.0, 40.0, 30.0, 60.0
G1, 630.0, 145.0, 120.0, 40.0, 30.0, 60.0
G2, 510.0, 130.0, 100.0, 50.0, 25.0, 35.0
G2, 130.0, 220.0, 105.0, 50.0, 25.0, 35.0
G2, 220.0, 0.0, 125.0, 50.0, 25.0, 35.0
G2, 380.0, 0.0, 125.0, 50.0, 25.0, 35.0
G2, 610.0, 0.0, 125.0, 50.0, 25.0, 35.0
G2, 560.0, 0.0, 135.0, 50.0, 25.0, 35.0
G2, 220.0, 0.0, 160.0, 50.0, 25.0, 35.0
G2, 380.0, 0.0, 160.0, 50.0, 25.0, 35.0
G1, 380.0, 215.0, 120.0, 40.0, 30.0, 60.0
G1, 380.0, 35.0, 125.0, 40.0, 30.0, 60.0
G2, 610.0, 0.0, 160.0, 50.0, 25.0, 35.0
G1, 0.0, 155.0, 125.0, 40.0, 30.0, 60.0
G1, 380.0, 180.0, 125.0, 40.0, 30.0, 60.0
G2, 310.0, 50.0, 175.0, 50.0, 25.0, 35.0
G2, 150.0, 50.0, 180.0, 50.0, 25.0, 35.0
G1, 560.0, 135.0, 150.0, 40.0, 30.0, 60.0
G2, 380.0, 0.0, 195.0, 50.0, 25.0, 35.0
G1, 220.0, 35.0, 160.0, 40.0, 30.0, 60.0
G2, 310.0, 50.0, 210.0, 50.0, 25.0, 35.0
G1, 0.0, 75.0, 180.0, 40.0, 30.0, 60.0
G2, 270.0, 40.0, 0.0, 35.0, 25.0, 50.0
G2, 270.0, 40.0, 50.0, 35.0, 25.0, 50.0
G1, 510.0, 90.0, 180.0, 40.0, 30.0, 60.0
G2, 380.0, 70.0, 100.0, 35.0, 25.0, 50.0
G2, 150.0, 130.0, 120.0, 35.0, 25.0, 50.0
G1, 0.0, 115.0, 180.0, 40.0, 30.0, 60.0
G1, 380.0, 215.0, 180.0, 40.0, 30.0, 60.0
G2, 380.0, 70.0, 150.0, 35.0, 25.0, 50.0
G1, 380.0, 35.0, 185.0, 40.0, 30.0, 60.0
G1, 0.0, 155.0, 185.0, 40.0, 30.0, 60.0
G2, 560.0, 0.0, 170.0, 35.0, 25.0, 50.0
G2, 150.0, 130.0, 170.0, 35.0, 25.0, 50.0
G2, 0.0, 0.0, 175.0, 35.0, 25.0, 50.0
G2, 110.0, 0.0, 180.0, 35.0, 25.0, 50.0
G2, 0.0, 35.0, 180.0, 35.0, 25.0, 50.0
G2, 380.0, 180.0, 185.0, 35.0, 25.0, 50.0
G2, 0.0, 190.0, 190.0, 35.0, 25.0, 50.0
G2, 220.0, 0.0, 195.0, 35.0, 25.0, 50.0
G2, 350.0, 0.0, 40.0, 25.0, 50.0, 35.0
G2, 470.0, 0.0, 40.0, 25.0, 50.0, 35.0
G2, 350.0, 135.0, 40.0, 25.0, 50.0, 35.0
G2, 350.0, 185.0, 40.0, 25.0, 50.0, 35.0
G2, 350.0, 0.0, 75.0, 25.0, 50.0, 35.0
G2, 470.0, 0.0, 75.0, 25.0, 50.0, 35.0
G2, 350.0, 135.0, 75.0, 25.0, 50.0, 35.0
G2, 350.0, 185.0, 75.0, 25.0, 50.0, 35.0
G2, 350.0, 0.0, 110.0, 25.0, 50.0, 35.0
G2, 470.0, 0.0, 110.0, 25.0, 50.0, 35.0
G2, 470.0, 0.0, 145.0, 25.0, 50.0, 35.0
G2, 470.0, 0.0, 180.0, 25.0, 50.0, 35.0
G2, 190.0, 90.0, 0.0, 25.0, 35.0, 50.0
G2, 480.0, 210.0, 0.0, 25.0, 35.0, 50.0
G2, 190.0, 90.0, 50.0, 25.0, 35.0, 50.0
G2, 480.0, 210.0, 50.0, 25.0, 35.0, 50.0
G2, 350.0, 135.0, 110.0, 25.0, 35.0, 50.0
G2, 350.0, 0.0, 145.0, 25.0, 35.0, 50.0
G2, 350.0, 135.0, 160.0, 25.0, 35.0, 50.0

第6辆车，装载300件，容积利用率 60.76%，重量利用率 38.17%
货物ID, x(cm), y(cm), z(cm), l(cm), w(cm), h(cm)
G2, 0.0, 0.0, 0.0, 50.0, 35.0, 25.0
G4, 50.0, 0.0, 0.0, 80.0, 60.0, 50.0
G3, 130.0, 0.0, 0.0, 70.0, 50.0, 40.0
G1, 200.0, 0.0, 0.0, 60.0, 40.0, 30.0
G2, 260.0, 0.0, 0.0, 50.0, 35.0, 25.0
G5, 310.0, 0.0, 0.0, 40.0, 40.0, 60.0
G1, 350.0, 0.0, 0.0, 60.0, 40.0, 30.0
G4, 410.0, 0.0, 0.0, 80.0, 60.0, 50.0
G2, 490.0, 0.0, 0.0, 50.0, 35.0, 25.0
G2, 540.0, 0.0, 0.0, 50.0, 35.0, 25.0
G2, 590.0, 0.0, 0.0, 50.0, 35.0, 25.0
G5, 640.0, 0.0, 0.0, 40.0, 40.0, 60.0
G4, 490.0, 35.0, 0.0, 80.0, 60.0, 50.0
G4, 200.0, 40.0, 0.0, 80.0, 60.0, 50.0
G2, 0.0, 35.0, 0.0, 50.0, 35.0, 25.0
G2, 570.0, 35.0, 0.0, 50.0, 35.0, 25.0
G2, 280.0, 40.0, 0.0, 50.0, 35.0, 25.0
G2, 330.0, 40.0, 0.0, 50.0, 35.0, 25.0
G2, 130.0, 50.0, 0.0, 50.0, 35.0, 25.0
G1, 50.0, 60.0, 0.0, 60.0, 40.0, 30.0
G4, 410.0, 60.0, 0.0, 80.0, 60.0, 50.0
G3, 570.0, 70.0, 0.0, 70.0, 50.0, 40.0
G3, 280.0, 75.0, 0.0, 70.0, 50.0, 40.0
G1, 350.0, 75.0, 0.0, 60.0, 40.0, 30.0
G2, 0.0, 70.0, 0.0, 50.0, 35.0, 25.0
G1, 130.0, 85.0, 0.0, 60.0, 40.0, 30.0
G2, 490.0, 95.0, 0.0, 50.0, 35.0, 25.0
G4, 50.0, 100.0, 0.0, 80.0, 60.0, 50.0
G4, 200.0, 100.0, 0.0, 80.0, 60.0, 50.0
G1, 350.0, 115.0, 0.0, 60.0, 40.0, 30.0
G4, 410.0, 120.0, 0.0, 80.0, 60.0, 50.0
G4, 570.0, 120.0, 0.0, 80.0, 60.0, 50.0
G1, 130.0, 125.0, 0.0, 60.0, 40.0, 30.0
G4, 490.0, 130.0, 0.0, 80.0, 60.0, 50.0
G1, 280.0, 125.0, 0.0, 60.0, 40.0, 30.0
G4, 50.0, 160.0, 0.0, 80.0, 60.0, 50.0
G1, 350.0, 155.0, 0.0, 60.0, 40.0, 30.0
G4, 200.0, 160.0, 0.0, 80.0, 60.0, 50.0
G3, 130.0, 165.0, 0.0, 70.0, 50.0, 40.0
G2, 0.0, 105.0, 0.0, 50.0, 35.0, 25.0
G1, 280.0, 165.0, 0.0, 60.0, 40.0, 30.0
G2, 0.0, 140.0, 0.0, 50.0, 35.0, 25.0
G2, 0.0, 175.0, 0.0, 50.0, 35.0, 25.0
G4, 410.0, 180.0, 0.0, 80.0, 60.0, 50.0
G3, 570.0, 180.0, 0.0, 70.0, 50.0, 40.0
G3, 490.0, 190.0, 0.0, 70.0, 50.0, 40.0
G1, 350.0, 195.0, 0.0, 60.0, 40.0, 30.0
G5, 640.0, 40.0, 0.0, 40.0, 40.0, 60.0
G5, 640.0, 80.0, 0.0, 40.0, 40.0, 60.0
G2, 280.0, 205.0, 0.0, 50.0, 35.0, 25.0
G1, 200.0, 0.0, 30.0, 60.0, 40.0, 30.0
G2, 0.0, 210.0, 0.0, 50.0, 35.0, 25.0
G2, 0.0, 0.0, 25.0, 50.0, 35.0, 25.0
G5, 640.0, 180.0, 0.0, 40.0, 40.0, 60.0
G2, 260.0, 0.0, 25.0, 50.0, 35.0, 25.0
G1, 350.0, 0.0, 30.0, 60.0, 40.0, 30.0
G5, 50.0, 60.0, 30.0, 40.0, 40.0, 60.0
G2, 490.0, 0.0, 25.0, 50.0, 35.0, 25.0
G1, 350.0, 75.0, 30.0, 60.0, 40.0, 30.0
G2, 540.0, 0.0, 25.0, 50.0, 35.0, 25.0
G1, 130.0, 85.0, 30.0, 60.0, 40.0, 30.0
G5, 350.0, 115.0, 30.0, 40.0, 40.0, 60.0
G2, 590.0, 0.0, 25.0, 50.0, 35.0, 25.0
G2, 0.0, 35.0, 25.0, 50.0, 35.0, 25.0
G2, 570.0, 35.0, 25.0, 50.0, 35.0, 25.0
G2, 280.0, 40.0, 25.0, 50.0, 35.0, 25.0
G1, 130.0, 125.0, 30.0, 60.0, 40.0, 30.0
G5, 280.0, 125.0, 30.0, 40.0, 40.0, 60.0
G5, 350.0, 155.0, 30.0, 40.0, 40.0, 60.0
G1, 280.0, 165.0, 30.0, 60.0, 40.0, 30.0
G4, 50.0, 0.0, 50.0, 80.0, 60.0, 50.0
G2, 330.0, 40.0, 25.0, 50.0, 35.0, 25.0
G1, 350.0, 195.0, 30.0, 60.0, 40.0, 30.0
G1, 130.0, 0.0, 40.0, 60.0, 40.0, 30.0
G5, 570.0, 70.0, 40.0, 40.0, 40.0, 60.0
G2, 130.0, 50.0, 25.0, 50.0, 35.0, 25.0
G4, 410.0, 0.0, 50.0, 80.0, 60.0, 50.0
G2, 0.0, 70.0, 25.0, 50.0, 35.0, 25.0
G1, 280.0, 75.0, 40.0, 60.0, 40.0, 30.0
G2, 490.0, 95.0, 25.0, 50.0, 35.0, 25.0
G4, 490.0, 35.0, 50.0, 80.0, 60.0, 50.0
G2, 0.0, 105.0, 25.0, 50.0, 35.0, 25.0
G1, 130.0, 165.0, 40.0, 60.0, 40.0, 30.0
G1, 570.0, 180.0, 40.0, 60.0, 40.0, 30.0
G5, 490.0, 190.0, 40.0, 40.0, 40.0, 60.0
G4, 200.0, 40.0, 50.0, 80.0, 60.0, 50.0
G1, 410.0, 60.0, 50.0, 60.0, 40.0, 30.0
G2, 0.0, 140.0, 25.0, 50.0, 35.0, 25.0
G2, 0.0, 175.0, 25.0, 50.0, 35.0, 25.0
G5, 50.0, 100.0, 50.0, 40.0, 40.0, 60.0
G2, 280.0, 205.0, 25.0, 50.0, 35.0, 25.0
G1, 200.0, 100.0, 50.0, 60.0, 40.0, 30.0
G4, 410.0, 120.0, 50.0, 80.0, 60.0, 50.0
G5, 90.0, 100.0, 50.0, 40.0, 40.0, 60.0
G2, 0.0, 210.0, 25.0, 50.0, 35.0, 25.0
G2, 0.0, 0.0, 50.0, 50.0, 35.0, 25.0
G2, 260.0, 0.0, 50.0, 50.0, 35.0, 25.0
G2, 490.0, 0.0, 50.0, 50.0, 35.0, 25.0
G2, 540.0, 0.0, 50.0, 50.0, 35.0, 25.0
G4, 570.0, 120.0, 50.0, 80.0, 60.0, 50.0
G2, 590.0, 0.0, 50.0, 50.0, 35.0, 25.0
G5, 490.0, 130.0, 50.0, 40.0, 40.0, 60.0
G4, 50.0, 160.0, 50.0, 80.0, 60.0, 50.0
G2, 0.0, 35.0, 50.0, 50.0, 35.0, 25.0
G5, 530.0, 130.0, 50.0, 40.0, 40.0, 60.0
G1, 200.0, 160.0, 50.0, 60.0, 40.0, 30.0
G4, 410.0, 180.0, 50.0, 80.0, 60.0, 50.0
G1, 200.0, 0.0, 60.0, 60.0, 40.0, 30.0
G2, 570.0, 35.0, 50.0, 50.0, 35.0, 25.0
G4, 50.0, 0.0, 100.0, 80.0, 60.0, 50.0
G5, 310.0, 0.0, 60.0, 40.0, 40.0, 60.0
G5, 350.0, 0.0, 60.0, 40.0, 40.0, 60.0
G5, 640.0, 0.0, 60.0, 40.0, 40.0, 60.0
G5, 640.0, 40.0, 60.0, 40.0, 40.0, 60.0
G2, 280.0, 40.0, 50.0, 50.0, 35.0, 25.0
G2, 330.0, 40.0, 50.0, 50.0, 35.0, 25.0
G1, 350.0, 75.0, 60.0, 60.0, 40.0, 30.0
G1, 130.0, 85.0, 60.0, 60.0, 40.0, 30.0
G4, 410.0, 0.0, 100.0, 80.0, 60.0, 50.0
G5, 640.0, 80.0, 60.0, 40.0, 40.0, 60.0
G5, 130.0, 125.0, 60.0, 40.0, 40.0, 60.0
G1, 280.0, 165.0, 60.0, 60.0, 40.0, 30.0
G2, 130.0, 50.0, 50.0, 50.0, 35.0, 25.0
G1, 350.0, 195.0, 60.0, 60.0, 40.0, 30.0
G1, 130.0, 0.0, 70.0, 60.0, 40.0, 30.0
G2, 0.0, 70.0, 50.0, 50.0, 35.0, 25.0
G1, 280.0, 75.0, 70.0, 60.0, 40.0, 30.0
G4, 490.0, 35.0, 100.0, 80.0, 60.0, 50.0
G4, 200.0, 40.0, 100.0, 80.0, 60.0, 50.0
G2, 490.0, 95.0, 50.0, 50.0, 35.0, 25.0
G1, 130.0, 165.0, 70.0, 60.0, 40.0, 30.0
G2, 0.0, 105.0, 50.0, 50.0, 35.0, 25.0
G4, 410.0, 120.0, 100.0, 80.0, 60.0, 50.0
G1, 570.0, 180.0, 70.0, 60.0, 40.0, 30.0
G1, 410.0, 60.0, 80.0, 60.0, 40.0, 30.0
G1, 200.0, 100.0, 80.0, 60.0, 40.0, 30.0
G5, 640.0, 180.0, 60.0, 40.0, 40.0, 60.0
G1, 200.0, 160.0, 80.0, 60.0, 40.0, 30.0
G2, 0.0, 140.0, 50.0, 50.0, 35.0, 25.0
G2, 0.0, 175.0, 50.0, 50.0, 35.0, 25.0
G2, 280.0, 205.0, 50.0, 50.0, 35.0, 25.0
G1, 200.0, 0.0, 90.0, 60.0, 40.0, 30.0
G1, 350.0, 75.0, 90.0, 60.0, 40.0, 30.0
G2, 0.0, 210.0, 50.0, 50.0, 35.0, 25.0
G2, 0.0, 0.0, 75.0, 50.0, 35.0, 25.0
G5, 50.0, 60.0, 90.0, 40.0, 40.0, 60.0
G2, 260.0, 0.0, 75.0, 50.0, 35.0, 25.0
G4, 570.0, 120.0, 100.0, 80.0, 60.0, 50.0
G2, 490.0, 0.0, 75.0, 50.0, 35.0, 25.0
G5, 130.0, 85.0, 90.0, 40.0, 40.0, 60.0
G2, 540.0, 0.0, 75.0, 50.0, 35.0, 25.0
G2, 590.0, 0.0, 75.0, 50.0, 35.0, 25.0
G2, 0.0, 35.0, 75.0, 50.0, 35.0, 25.0
G2, 570.0, 35.0, 75.0, 50.0, 35.0, 25.0
G5, 350.0, 115.0, 90.0, 40.0, 40.0, 60.0
G2, 280.0, 40.0, 75.0, 50.0, 35.0, 25.0
G2, 330.0, 40.0, 75.0, 50.0, 35.0, 25.0
G4, 50.0, 160.0, 100.0, 80.0, 60.0, 50.0
G5, 280.0, 125.0, 90.0, 40.0, 40.0, 60.0
G2, 130.0, 50.0, 75.0, 50.0, 35.0, 25.0
G1, 280.0, 165.0, 90.0, 60.0, 40.0, 30.0
G1, 350.0, 195.0, 90.0, 60.0, 40.0, 30.0
G1, 130.0, 0.0, 100.0, 60.0, 40.0, 30.0
G1, 280.0, 75.0, 100.0, 60.0, 40.0, 30.0
G1, 130.0, 165.0, 100.0, 60.0, 40.0, 30.0
G1, 410.0, 180.0, 100.0, 60.0, 40.0, 30.0
G1, 570.0, 180.0, 100.0, 60.0, 40.0, 30.0
G1, 410.0, 60.0, 110.0, 60.0, 40.0, 30.0
G2, 490.0, 95.0, 75.0, 50.0, 35.0, 25.0
G4, 50.0, 0.0, 150.0, 80.0, 60.0, 50.0
G2, 0.0, 105.0, 75.0, 50.0, 35.0, 25.0
G2, 0.0, 140.0, 75.0, 50.0, 35.0, 25.0
G4, 410.0, 0.0, 150.0, 80.0, 60.0, 50.0
G5, 350.0, 155.0, 90.0, 40.0, 40.0, 60.0
G4, 490.0, 35.0, 150.0, 80.0, 60.0, 50.0
G1, 200.0, 100.0, 110.0, 60.0, 40.0, 30.0
G2, 0.0, 175.0, 75.0, 50.0, 35.0, 25.0
G2, 280.0, 205.0, 75.0, 50.0, 35.0, 25.0
G2, 0.0, 210.0, 75.0, 50.0, 35.0, 25.0
G2, 0.0, 0.0, 100.0, 50.0, 35.0, 25.0
G2, 260.0, 0.0, 100.0, 50.0, 35.0, 25.0
G5, 570.0, 70.0, 100.0, 40.0, 40.0, 60.0
G2, 490.0, 0.0, 100.0, 50.0, 35.0, 25.0
G5, 490.0, 190.0, 100.0, 40.0, 40.0, 60.0
G2, 540.0, 0.0, 100.0, 50.0, 35.0, 25.0
G4, 200.0, 40.0, 150.0, 80.0, 60.0, 50.0
G1, 200.0, 160.0, 110.0, 60.0, 40.0, 30.0
G2, 590.0, 0.0, 100.0, 50.0, 35.0, 25.0
G5, 90.0, 100.0, 110.0, 40.0, 40.0, 60.0
G5, 490.0, 130.0, 110.0, 40.0, 40.0, 60.0
G2, 0.0, 35.0, 100.0, 50.0, 35.0, 25.0
G1, 200.0, 0.0, 120.0, 60.0, 40.0, 30.0
G5, 530.0, 130.0, 110.0, 40.0, 40.0, 60.0
G5, 310.0, 0.0, 120.0, 40.0, 40.0, 60.0
G1, 350.0, 75.0, 120.0, 60.0, 40.0, 30.0
G2, 570.0, 35.0, 100.0, 50.0, 35.0, 25.0
G1, 280.0, 165.0, 120.0, 60.0, 40.0, 30.0
G4, 410.0, 120.0, 150.0, 80.0, 60.0, 50.0
G2, 130.0, 50.0, 100.0, 50.0, 35.0, 25.0
G4, 570.0, 120.0, 150.0, 80.0, 60.0, 50.0
G1, 350.0, 195.0, 120.0, 60.0, 40.0, 30.0
G2, 490.0, 95.0, 100.0, 50.0, 35.0, 25.0
G2, 0.0, 140.0, 100.0, 50.0, 35.0, 25.0
G4, 50.0, 160.0, 150.0, 80.0, 60.0, 50.0
G2, 0.0, 175.0, 100.0, 50.0, 35.0, 25.0
G2, 280.0, 205.0, 100.0, 50.0, 35.0, 25.0
G2, 0.0, 210.0, 100.0, 50.0, 35.0, 25.0
G1, 130.0, 0.0, 130.0, 60.0, 40.0, 30.0
G5, 640.0, 0.0, 120.0, 40.0, 40.0, 60.0
G2, 0.0, 0.0, 125.0, 50.0, 35.0, 25.0
G1, 280.0, 75.0, 130.0, 60.0, 40.0, 30.0
G2, 260.0, 0.0, 125.0, 50.0, 35.0, 25.0
G2, 590.0, 0.0, 125.0, 50.0, 35.0, 25.0
G2, 130.0, 50.0, 125.0, 50.0, 35.0, 25.0
G2, 0.0, 140.0, 125.0, 50.0, 35.0, 25.0
G2, 280.0, 205.0, 125.0, 50.0, 35.0, 25.0
G1, 410.0, 180.0, 130.0, 60.0, 40.0, 30.0
G5, 640.0, 40.0, 120.0, 40.0, 40.0, 60.0
G2, 0.0, 210.0, 125.0, 50.0, 35.0, 25.0
G1, 570.0, 180.0, 130.0, 60.0, 40.0, 30.0
G2, 130.0, 165.0, 130.0, 50.0, 35.0, 25.0
G1, 410.0, 60.0, 140.0, 60.0, 40.0, 30.0
G5, 640.0, 80.0, 120.0, 40.0, 40.0, 60.0
G1, 200.0, 100.0, 140.0, 60.0, 40.0, 30.0
G1, 200.0, 160.0, 140.0, 60.0, 40.0, 30.0
G5, 640.0, 180.0, 120.0, 40.0, 40.0, 60.0
G1, 200.0, 0.0, 150.0, 60.0, 40.0, 30.0
G5, 350.0, 75.0, 150.0, 40.0, 40.0, 60.0
G2, 260.0, 0.0, 150.0, 50.0, 35.0, 25.0
G5, 350.0, 155.0, 150.0, 40.0, 40.0, 60.0
G2, 130.0, 50.0, 150.0, 50.0, 35.0, 25.0
G5, 350.0, 195.0, 150.0, 40.0, 40.0, 60.0
G2, 280.0, 165.0, 150.0, 50.0, 35.0, 25.0
G2, 280.0, 205.0, 150.0, 50.0, 35.0, 25.0
G2, 130.0, 0.0, 160.0, 50.0, 35.0, 25.0
G1, 280.0, 75.0, 160.0, 60.0, 40.0, 30.0
G2, 410.0, 180.0, 160.0, 50.0, 35.0, 25.0
G2, 570.0, 180.0, 160.0, 50.0, 35.0, 25.0
G2, 410.0, 60.0, 170.0, 50.0, 35.0, 25.0
G2, 200.0, 100.0, 170.0, 50.0, 35.0, 25.0
G5, 490.0, 190.0, 160.0, 40.0, 40.0, 60.0
G2, 200.0, 160.0, 170.0, 50.0, 35.0, 25.0
G1, 200.0, 0.0, 180.0, 60.0, 40.0, 30.0
G1, 410.0, 0.0, 200.0, 60.0, 40.0, 30.0
G5, 640.0, 180.0, 180.0, 40.0, 40.0, 60.0
G2, 130.0, 50.0, 175.0, 50.0, 35.0, 25.0
G2, 280.0, 165.0, 175.0, 50.0, 35.0, 25.0
G1, 200.0, 40.0, 200.0, 60.0, 40.0, 30.0
G2, 280.0, 205.0, 175.0, 50.0, 35.0, 25.0
G1, 410.0, 120.0, 200.0, 60.0, 40.0, 30.0
G2, 130.0, 0.0, 185.0, 50.0, 35.0, 25.0
G1, 570.0, 120.0, 200.0, 60.0, 40.0, 30.0
G1, 130.0, 215.0, 0.0, 60.0, 30.0, 40.0
G2, 410.0, 180.0, 185.0, 50.0, 35.0, 25.0
G2, 570.0, 180.0, 185.0, 50.0, 35.0, 25.0
G2, 410.0, 60.0, 195.0, 50.0, 35.0, 25.0
G2, 200.0, 100.0, 195.0, 50.0, 35.0, 25.0
G2, 200.0, 160.0, 195.0, 50.0, 35.0, 25.0
G1, 130.0, 215.0, 40.0, 60.0, 30.0, 40.0
G2, 130.0, 50.0, 200.0, 50.0, 35.0, 25.0
G1, 130.0, 215.0, 80.0, 60.0, 30.0, 40.0
G2, 130.0, 0.0, 210.0, 50.0, 35.0, 25.0
G1, 130.0, 215.0, 120.0, 60.0, 30.0, 40.0
G2, 200.0, 0.0, 210.0, 50.0, 35.0, 25.0
G2, 410.0, 180.0, 210.0, 50.0, 35.0, 25.0
G1, 130.0, 215.0, 160.0, 60.0, 30.0, 40.0
G1, 130.0, 215.0, 200.0, 60.0, 30.0, 40.0
G2, 570.0, 180.0, 210.0, 50.0, 35.0, 25.0
G1, 0.0, 70.0, 75.0, 40.0, 30.0, 60.0
G2, 410.0, 60.0, 220.0, 50.0, 35.0, 25.0
G2, 200.0, 100.0, 220.0, 50.0, 35.0, 25.0
G2, 200.0, 160.0, 220.0, 50.0, 35.0, 25.0
G1, 0.0, 105.0, 100.0, 40.0, 30.0, 60.0
G1, 350.0, 0.0, 120.0, 40.0, 30.0, 60.0
G1, 0.0, 35.0, 125.0, 40.0, 30.0, 60.0
G1, 490.0, 95.0, 125.0, 40.0, 30.0, 60.0
G2, 50.0, 220.0, 0.0, 50.0, 25.0, 35.0
G2, 200.0, 220.0, 0.0, 50.0, 25.0, 35.0
G1, 0.0, 175.0, 125.0, 40.0, 30.0, 60.0
G1, 0.0, 70.0, 135.0, 40.0, 30.0, 60.0
G1, 0.0, 0.0, 150.0, 40.0, 30.0, 60.0
G2, 50.0, 220.0, 35.0, 50.0, 25.0, 35.0
G2, 200.0, 220.0, 35.0, 50.0, 25.0, 35.0
G1, 280.0, 125.0, 150.0, 40.0, 30.0, 60.0
G1, 0.0, 140.0, 150.0, 40.0, 30.0, 60.0
G2, 50.0, 220.0, 70.0, 50.0, 25.0, 35.0
G2, 200.0, 220.0, 70.0, 50.0, 25.0, 35.0
G1, 0.0, 210.0, 150.0, 40.0, 30.0, 60.0
G2, 200.0, 220.0, 105.0, 50.0, 25.0, 35.0
G1, 0.0, 105.0, 160.0, 40.0, 30.0, 60.0
G2, 490.0, 0.0, 125.0, 50.0, 25.0, 35.0
G1, 350.0, 0.0, 180.0, 40.0, 30.0, 60.0
G1, 640.0, 0.0, 180.0, 40.0, 30.0, 60.0
G2, 540.0, 0.0, 125.0, 50.0, 25.0, 35.0
G2, 200.0, 220.0, 140.0, 50.0, 25.0, 35.0
G1, 640.0, 40.0, 180.0, 40.0, 30.0, 60.0
G1, 490.0, 95.0, 185.0, 40.0, 30.0, 60.0
G2, 490.0, 0.0, 160.0, 50.0, 25.0, 35.0
G1, 650.0, 120.0, 0.0, 30.0, 60.0, 40.0
G2, 200.0, 220.0, 175.0, 50.0, 25.0, 35.0

